city_id,city,latitude,longitude,datetime,temperature,feels_like,humidity,weather,wind_speed,pop,rain_3h
1,Mont Saint Michel,48.6359541,-1.51146,2026-08-15 12:00:00,21.89,22.15,77,light rain,5.6,0.2,0.42
1,Mont Saint Michel,48.6359541,-1.51146,2026-08-15 15:00:00,22.34,22.51,72,light rain,5.95,0.39,0.3
1,Mont Saint Michel,48.6359541,-1.51146,2026-08-15 18:00:00,21.32,21.36,71,broken clouds,6.92,0.0,0.0
1,Mont Saint Michel,48.6359541,-1.51146,2026-08-15 21:00:00,19.23,19.32,81,clear sky,2.82,0.0,0.0
1,Mont Saint Michel,48.6359541,-1.51146,2026-08-16 00:00:00,17.39,17.4,85,clear sky,2.9,0.0,0.0
1,Mont Saint Michel,48.6359541,-1.51146,2026-08-16 03:00:00,16.42,16.31,84,few clouds,1.92,0.0,0.0
1,Mont Saint Michel,48.6359541,-1.51146,2026-08-16 06:00:00,17.76,17.73,82,broken clouds,2.14,0.0,0.0
1,Mont Saint Michel,48.6359541,-1.51146,2026-08-16 09:00:00,23.65,23.66,61,overcast clouds,2.77,0.0,0.0
1,Mont Saint Michel,48.6359541,-1.51146,2026-08-16 12:00:00,24.64,24.67,58,broken clouds,5.03,0.0,0.0
1,Mont Saint Michel,48.6359541,-1.51146,2026-08-16 15:00:00,23.51,23.51,61,overcast clouds,6.81,0.0,0.0
1,Mont Saint Michel,48.6359541,-1.51146,2026-08-16 18:00:00,21.3,21.39,73,broken clouds,4.97,0.0,0.0
1,Mont Saint Michel,48.6359541,-1.51146,2026-08-16 21:00:00,18.33,18.7,95,overcast clouds,4.92,0.0,0.0
1,Mont Saint Michel,48.6359541,-1.51146,2026-08-17 00:00:00,17.42,17.67,94,broken clouds,3.17,0.0,0.0
1,Mont Saint Michel,48.6359541,-1.51146,2026-08-17 03:00:00,16.66,16.73,90,overcast clouds,1.62,0.0,0.0
1,Mont Saint Michel,48.6359541,-1.51146,2026-08-17 06:00:00,17.3,17.33,86,overcast clouds,2.15,0.0,0.0
1,Mont Saint Michel,48.6359541,-1.51146,2026-08-17 09:00:00,22.0,21.61,52,overcast clouds,4.75,0.0,0.0
1,Mont Saint Michel,48.6359541,-1.51146,2026-08-17 12:00:00,22.82,22.85,65,overcast clouds,6.2,0.0,0.0
1,Mont Saint Michel,48.6359541,-1.51146,2026-08-17 15:00:00,23.06,23.14,66,broken clouds,6.11,0.0,0.0
1,Mont Saint Michel,48.6359541,-1.51146,2026-08-17 18:00:00,20.5,20.62,77,scattered clouds,5.21,0.0,0.0
1,Mont Saint Michel,48.6359541,-1.51146,2026-08-17 21:00:00,17.55,17.82,94,few clouds,3.41,0.0,0.0
1,Mont Saint Michel,48.6359541,-1.51146,2026-08-18 00:00:00,17.31,17.52,93,clear sky,4.04,0.0,0.0
1,Mont Saint Michel,48.6359541,-1.51146,2026-08-18 03:00:00,17.08,17.27,93,few clouds,3.49,0.0,0.0
1,Mont Saint Michel,48.6359541,-1.51146,2026-08-18 06:00:00,17.43,17.63,92,scattered clouds,2.84,0.0,0.0
1,Mont Saint Michel,48.6359541,-1.51146,2026-08-18 09:00:00,22.46,22.46,65,few clouds,4.05,0.0,0.0
1,Mont Saint Michel,48.6359541,-1.51146,2026-08-18 12:00:00,24.37,24.32,56,few clouds,5.27,0.0,0.0
1,Mont Saint Michel,48.6359541,-1.51146,2026-08-18 15:00:00,24.47,24.38,54,scattered clouds,5.55,0.0,0.0
1,Mont Saint Michel,48.6359541,-1.51146,2026-08-18 18:00:00,21.45,21.58,74,scattered clouds,4.91,0.0,0.0
1,Mont Saint Michel,48.6359541,-1.51146,2026-08-18 21:00:00,18.17,18.5,94,scattered clouds,2.14,0.0,0.0
1,Mont Saint Michel,48.6359541,-1.51146,2026-08-19 00:00:00,17.82,18.16,96,few clouds,2.95,0.0,0.0
1,Mont Saint Michel,48.6359541,-1.51146,2026-08-19 03:00:00,17.05,17.27,94,clear sky,3.65,0.0,0.0
1,Mont Saint Michel,48.6359541,-1.51146,2026-08-19 06:00:00,17.38,17.47,88,scattered clouds,5.46,0.0,0.0
1,Mont Saint Michel,48.6359541,-1.51146,2026-08-19 09:00:00,19.71,19.54,69,light rain,6.78,0.2,0.14
1,Mont Saint Michel,48.6359541,-1.51146,2026-08-19 12:00:00,20.62,20.23,57,overcast clouds,6.09,0.0,0.0
1,Mont Saint Michel,48.6359541,-1.51146,2026-08-19 15:00:00,21.02,20.61,55,broken clouds,4.8,0.0,0.0
1,Mont Saint Michel,48.6359541,-1.51146,2026-08-19 18:00:00,19.1,18.74,64,broken clouds,4.34,0.0,0.0
1,Mont Saint Michel,48.6359541,-1.51146,2026-08-19 21:00:00,15.6,15.54,89,clear sky,3.46,0.0,0.0
1,Mont Saint Michel,48.6359541,-1.51146,2026-08-20 00:00:00,14.93,14.67,84,scattered clouds,3.73,0.0,0.0
1,Mont Saint Michel,48.6359541,-1.51146,2026-08-20 03:00:00,13.28,13.04,91,few clouds,4.04,0.0,0.0
1,Mont Saint Michel,48.6359541,-1.51146,2026-08-20 06:00:00,13.17,12.79,86,light rain,3.98,0.2,0.12
1,Mont Saint Michel,48.6359541,-1.51146,2026-08-20 09:00:00,19.59,18.94,51,overcast clouds,5.2,0.0,0.0
2,St Malo,48.649518,-2.0260409,2026-08-15 12:00:00,21.03,21.3,81,light rain,6.3,0.6,0.67
2,St Malo,48.649518,-2.0260409,2026-08-15 15:00:00,21.12,21.25,75,broken clouds,6.91,0.0,0.0
2,St Malo,48.649518,-2.0260409,2026-08-15 18:00:00,20.28,20.35,76,few clouds,7.02,0.0,0.0
2,St Malo,48.649518,-2.0260409,2026-08-15 21:00:00,18.9,19.07,85,clear sky,5.11,0.0,0.0
2,St Malo,48.649518,-2.0260409,2026-08-16 00:00:00,18.46,18.66,88,clear sky,3.41,0.0,0.0
2,St Malo,48.649518,-2.0260409,2026-08-16 03:00:00,18.4,18.57,87,broken clouds,2.67,0.0,0.0
2,St Malo,48.649518,-2.0260409,2026-08-16 06:00:00,18.42,18.62,88,broken clouds,3.58,0.0,0.0
2,St Malo,48.649518,-2.0260409,2026-08-16 09:00:00,21.09,21.03,68,broken clouds,4.41,0.0,0.0
2,St Malo,48.649518,-2.0260409,2026-08-16 12:00:00,21.53,21.44,65,scattered clouds,5.11,0.0,0.0
2,St Malo,48.649518,-2.0260409,2026-08-16 15:00:00,21.6,21.67,71,overcast clouds,7.35,0.0,0.0
2,St Malo,48.649518,-2.0260409,2026-08-16 18:00:00,19.86,20.09,84,broken clouds,6.0,0.0,0.0
2,St Malo,48.649518,-2.0260409,2026-08-16 21:00:00,18.21,18.46,91,broken clouds,5.66,0.0,0.0
2,St Malo,48.649518,-2.0260409,2026-08-17 00:00:00,18.1,18.16,84,broken clouds,4.0,0.0,0.0
2,St Malo,48.649518,-2.0260409,2026-08-17 03:00:00,18.09,18.17,85,overcast clouds,3.5,0.0,0.0
2,St Malo,48.649518,-2.0260409,2026-08-17 06:00:00,18.27,18.16,77,overcast clouds,4.59,0.0,0.0
2,St Malo,48.649518,-2.0260409,2026-08-17 09:00:00,20.39,20.39,73,overcast clouds,4.84,0.0,0.0
2,St Malo,48.649518,-2.0260409,2026-08-17 12:00:00,21.52,21.69,75,overcast clouds,4.98,0.0,0.0
2,St Malo,48.649518,-2.0260409,2026-08-17 15:00:00,21.61,21.81,76,overcast clouds,6.28,0.0,0.0
2,St Malo,48.649518,-2.0260409,2026-08-17 18:00:00,20.08,20.26,81,broken clouds,6.08,0.0,0.0
2,St Malo,48.649518,-2.0260409,2026-08-17 21:00:00,18.11,18.35,91,clear sky,5.34,0.0,0.0
2,St Malo,48.649518,-2.0260409,2026-08-18 00:00:00,17.86,18.1,92,clear sky,5.59,0.0,0.0
2,St Malo,48.649518,-2.0260409,2026-08-18 03:00:00,17.71,17.94,92,few clouds,4.69,0.0,0.0
2,St Malo,48.649518,-2.0260409,2026-08-18 06:00:00,17.91,18.18,93,scattered clouds,4.24,0.0,0.0
2,St Malo,48.649518,-2.0260409,2026-08-18 09:00:00,21.13,21.26,75,scattered clouds,4.55,0.0,0.0
2,St Malo,48.649518,-2.0260409,2026-08-18 12:00:00,23.01,23.12,67,scattered clouds,4.68,0.0,0.0
2,St Malo,48.649518,-2.0260409,2026-08-18 15:00:00,22.26,22.34,69,broken clouds,5.77,0.0,0.0
2,St Malo,48.649518,-2.0260409,2026-08-18 18:00:00,20.7,20.94,81,scattered clouds,4.77,0.0,0.0
2,St Malo,48.649518,-2.0260409,2026-08-18 21:00:00,18.76,19.12,93,few clouds,3.36,0.0,0.0
2,St Malo,48.649518,-2.0260409,2026-08-19 00:00:00,18.07,18.33,92,clear sky,4.77,0.0,0.0
2,St Malo,48.649518,-2.0260409,2026-08-19 03:00:00,18.09,18.36,92,clear sky,5.95,0.0,0.0
2,St Malo,48.649518,-2.0260409,2026-08-19 06:00:00,17.86,17.92,85,light rain,7.38,0.2,0.18
2,St Malo,48.649518,-2.0260409,2026-08-19 09:00:00,18.67,18.45,71,light rain,6.93,0.2,0.14
2,St Malo,48.649518,-2.0260409,2026-08-19 12:00:00,19.53,19.18,63,overcast clouds,5.63,0.0,0.0
2,St Malo,48.649518,-2.0260409,2026-08-19 15:00:00,20.23,19.85,59,scattered clouds,4.42,0.0,0.0
2,St Malo,48.649518,-2.0260409,2026-08-19 18:00:00,19.19,18.94,68,scattered clouds,6.1,0.0,0.0
2,St Malo,48.649518,-2.0260409,2026-08-19 21:00:00,16.94,16.75,79,clear sky,5.33,0.0,0.0
2,St Malo,48.649518,-2.0260409,2026-08-20 00:00:00,15.53,15.28,82,few clouds,5.66,0.0,0.0
2,St Malo,48.649518,-2.0260409,2026-08-20 03:00:00,14.36,14.1,86,clear sky,5.59,0.0,0.0
2,St Malo,48.649518,-2.0260409,2026-08-20 06:00:00,14.58,14.13,78,scattered clouds,5.44,0.0,0.0
2,St Malo,48.649518,-2.0260409,2026-08-20 09:00:00,19.29,18.79,58,broken clouds,7.43,0.0,0.0
3,Bayeux,49.2764624,-0.7024738,2026-08-15 12:00:00,25.22,25.65,71,overcast clouds,5.14,0.0,0.0
3,Bayeux,49.2764624,-0.7024738,2026-08-15 15:00:00,25.72,26.04,65,overcast clouds,4.58,0.0,0.0
3,Bayeux,49.2764624,-0.7024738,2026-08-15 18:00:00,23.44,23.59,67,broken clouds,4.7,0.0,0.0
3,Bayeux,49.2764624,-0.7024738,2026-08-15 21:00:00,20.32,20.63,85,clear sky,2.83,0.0,0.0
3,Bayeux,49.2764624,-0.7024738,2026-08-16 00:00:00,17.47,17.7,93,clear sky,0.82,0.0,0.0
3,Bayeux,49.2764624,-0.7024738,2026-08-16 03:00:00,17.1,17.35,95,few clouds,1.95,0.0,0.0
3,Bayeux,49.2764624,-0.7024738,2026-08-16 06:00:00,18.05,18.34,93,scattered clouds,2.29,0.0,0.0
3,Bayeux,49.2764624,-0.7024738,2026-08-16 09:00:00,23.85,24.01,66,overcast clouds,3.22,0.0,0.0
3,Bayeux,49.2764624,-0.7024738,2026-08-16 12:00:00,25.38,25.46,57,broken clouds,4.35,0.0,0.0
3,Bayeux,49.2764624,-0.7024738,2026-08-16 15:00:00,24.39,24.61,66,overcast clouds,5.8,0.0,0.0
3,Bayeux,49.2764624,-0.7024738,2026-08-16 18:00:00,22.34,22.56,74,overcast clouds,3.35,0.0,0.0
3,Bayeux,49.2764624,-0.7024738,2026-08-16 21:00:00,18.97,19.32,92,overcast clouds,1.63,0.0,0.0
3,Bayeux,49.2764624,-0.7024738,2026-08-17 00:00:00,16.94,17.14,94,overcast clouds,2.88,0.0,0.0
3,Bayeux,49.2764624,-0.7024738,2026-08-17 03:00:00,15.5,15.35,86,overcast clouds,3.07,0.0,0.0
3,Bayeux,49.2764624,-0.7024738,2026-08-17 06:00:00,15.69,15.4,80,overcast clouds,3.18,0.0,0.0
3,Bayeux,49.2764624,-0.7024738,2026-08-17 09:00:00,22.57,22.03,44,overcast clouds,4.64,0.0,0.0
3,Bayeux,49.2764624,-0.7024738,2026-08-17 12:00:00,23.11,23.07,61,overcast clouds,4.69,0.0,0.0
3,Bayeux,49.2764624,-0.7024738,2026-08-17 15:00:00,23.1,23.06,61,broken clouds,4.93,0.0,0.0
3,Bayeux,49.2764624,-0.7024738,2026-08-17 18:00:00,22.59,22.5,61,broken clouds,3.57,0.0,0.0
3,Bayeux,49.2764624,-0.7024738,2026-08-17 21:00:00,16.76,16.92,93,few clouds,4.18,0.0,0.0
3,Bayeux,49.2764624,-0.7024738,2026-08-18 00:00:00,16.18,16.33,95,few clouds,4.91,0.0,0.0
3,Bayeux,49.2764624,-0.7024738,2026-08-18 03:00:00,15.32,15.36,94,scattered clouds,3.92,0.0,0.0
3,Bayeux,49.2764624,-0.7024738,2026-08-18 06:00:00,15.58,15.57,91,broken clouds,3.98,0.0,0.0
3,Bayeux,49.2764624,-0.7024738,2026-08-18 09:00:00,23.94,23.77,53,few clouds,5.49,0.0,0.0
3,Bayeux,49.2764624,-0.7024738,2026-08-18 12:00:00,27.61,27.8,47,scattered clouds,5.84,0.0,0.0
3,Bayeux,49.2764624,-0.7024738,2026-08-18 15:00:00,27.39,27.66,48,few clouds,5.96,0.0,0.0
3,Bayeux,49.2764624,-0.7024738,2026-08-18 18:00:00,24.5,24.52,58,few clouds,4.8,0.0,0.0
3,Bayeux,49.2764624,-0.7024738,2026-08-18 21:00:00,17.8,18.06,93,clear sky,3.78,0.0,0.0
3,Bayeux,49.2764624,-0.7024738,2026-08-19 00:00:00,17.03,17.32,97,clear sky,4.13,0.0,0.0
3,Bayeux,49.2764624,-0.7024738,2026-08-19 03:00:00,17.52,17.86,97,scattered clouds,5.78,0.0,0.0
3,Bayeux,49.2764624,-0.7024738,2026-08-19 06:00:00,16.5,16.63,93,light rain,4.56,0.48,0.56
3,Bayeux,49.2764624,-0.7024738,2026-08-19 09:00:00,19.07,18.91,72,light rain,5.58,0.34,0.23
3,Bayeux,49.2764624,-0.7024738,2026-08-19 12:00:00,21.16,20.77,55,light rain,4.0,0.38,0.19
3,Bayeux,49.2764624,-0.7024738,2026-08-19 15:00:00,21.95,21.48,49,scattered clouds,3.88,0.0,0.0
3,Bayeux,49.2764624,-0.7024738,2026-08-19 18:00:00,20.37,19.9,55,scattered clouds,5.94,0.0,0.0
3,Bayeux,49.2764624,-0.7024738,2026-08-19 21:00:00,13.87,13.71,92,clear sky,3.85,0.0,0.0
3,Bayeux,49.2764624,-0.7024738,2026-08-20 00:00:00,12.48,12.21,93,clear sky,3.93,0.0,0.0
3,Bayeux,49.2764624,-0.7024738,2026-08-20 03:00:00,11.84,11.53,94,clear sky,3.57,0.0,0.0
3,Bayeux,49.2764624,-0.7024738,2026-08-20 06:00:00,12.88,12.55,89,clear sky,3.56,0.0,0.0
3,Bayeux,49.2764624,-0.7024738,2026-08-20 09:00:00,20.06,19.48,52,few clouds,7.11,0.0,0.0
4,Le Havre,49.4938975,0.1079732,2026-08-15 12:00:00,22.79,23.24,81,overcast clouds,5.59,0.0,0.0
4,Le Havre,49.4938975,0.1079732,2026-08-15 15:00:00,22.6,23.03,81,overcast clouds,4.65,0.0,0.0
4,Le Havre,49.4938975,0.1079732,2026-08-15 18:00:00,21.59,21.95,82,broken clouds,6.8,0.0,0.0
4,Le Havre,49.4938975,0.1079732,2026-08-15 21:00:00,19.99,20.34,88,clear sky,4.7,0.0,0.0
4,Le Havre,49.4938975,0.1079732,2026-08-16 00:00:00,19.55,19.86,88,clear sky,3.83,0.0,0.0
4,Le Havre,49.4938975,0.1079732,2026-08-16 03:00:00,18.91,19.15,88,broken clouds,2.64,0.0,0.0
4,Le Havre,49.4938975,0.1079732,2026-08-16 06:00:00,18.97,19.25,89,broken clouds,3.09,0.0,0.0
4,Le Havre,49.4938975,0.1079732,2026-08-16 09:00:00,22.1,22.25,72,overcast clouds,1.44,0.0,0.0
4,Le Havre,49.4938975,0.1079732,2026-08-16 12:00:00,22.17,22.45,77,overcast clouds,5.96,0.0,0.0
4,Le Havre,49.4938975,0.1079732,2026-08-16 15:00:00,21.88,22.08,75,overcast clouds,7.49,0.0,0.0
4,Le Havre,49.4938975,0.1079732,2026-08-16 18:00:00,21.5,21.61,73,broken clouds,5.06,0.0,0.0
4,Le Havre,49.4938975,0.1079732,2026-08-16 21:00:00,20.22,20.33,78,overcast clouds,1.86,0.0,0.0
4,Le Havre,49.4938975,0.1079732,2026-08-17 00:00:00,20.2,20.55,87,overcast clouds,2.88,0.0,0.0
4,Le Havre,49.4938975,0.1079732,2026-08-17 03:00:00,20.02,20.06,76,overcast clouds,3.85,0.0,0.0
4,Le Havre,49.4938975,0.1079732,2026-08-17 06:00:00,19.74,19.68,73,overcast clouds,5.31,0.0,0.0
4,Le Havre,49.4938975,0.1079732,2026-08-17 09:00:00,20.27,20.15,69,overcast clouds,5.82,0.0,0.0
4,Le Havre,49.4938975,0.1079732,2026-08-17 12:00:00,20.24,20.23,73,overcast clouds,5.73,0.0,0.0
4,Le Havre,49.4938975,0.1079732,2026-08-17 15:00:00,20.42,20.61,80,overcast clouds,4.67,0.0,0.0
4,Le Havre,49.4938975,0.1079732,2026-08-17 18:00:00,20.68,20.84,78,broken clouds,3.07,0.0,0.0
4,Le Havre,49.4938975,0.1079732,2026-08-17 21:00:00,20.04,20.32,85,scattered clouds,3.53,0.0,0.0
4,Le Havre,49.4938975,0.1079732,2026-08-18 00:00:00,19.63,19.84,84,few clouds,5.64,0.0,0.0
4,Le Havre,49.4938975,0.1079732,2026-08-18 03:00:00,19.56,19.71,82,broken clouds,5.21,0.0,0.0
4,Le Havre,49.4938975,0.1079732,2026-08-18 06:00:00,19.42,19.43,77,broken clouds,5.53,0.0,0.0
4,Le Havre,49.4938975,0.1079732,2026-08-18 09:00:00,19.94,19.97,76,broken clouds,6.13,0.0,0.0
4,Le Havre,49.4938975,0.1079732,2026-08-18 12:00:00,21.7,21.91,76,broken clouds,4.63,0.0,0.0
4,Le Havre,49.4938975,0.1079732,2026-08-18 15:00:00,21.13,21.47,83,broken clouds,5.2,0.0,0.0
4,Le Havre,49.4938975,0.1079732,2026-08-18 18:00:00,20.97,21.34,85,broken clouds,4.6,0.0,0.0
4,Le Havre,49.4938975,0.1079732,2026-08-18 21:00:00,20.03,20.44,90,clear sky,4.12,0.0,0.0
4,Le Havre,49.4938975,0.1079732,2026-08-19 00:00:00,19.72,20.1,90,clear sky,5.62,0.0,0.0
4,Le Havre,49.4938975,0.1079732,2026-08-19 03:00:00,19.41,19.81,92,scattered clouds,7.42,0.0,0.0
4,Le Havre,49.4938975,0.1079732,2026-08-19 06:00:00,18.87,19.08,87,light rain,6.66,0.5,0.58
4,Le Havre,49.4938975,0.1079732,2026-08-19 09:00:00,17.8,17.75,81,light rain,3.61,0.39,0.24
4,Le Havre,49.4938975,0.1079732,2026-08-19 12:00:00,18.38,18.34,79,light rain,3.87,0.34,0.24
4,Le Havre,49.4938975,0.1079732,2026-08-19 15:00:00,18.83,18.49,66,broken clouds,3.93,0.0,0.0
4,Le Havre,49.4938975,0.1079732,2026-08-19 18:00:00,19.02,18.81,70,scattered clouds,4.49,0.0,0.0
4,Le Havre,49.4938975,0.1079732,2026-08-19 21:00:00,19.11,18.96,72,clear sky,6.1,0.0,0.0
4,Le Havre,49.4938975,0.1079732,2026-08-20 00:00:00,17.95,17.65,71,clear sky,7.19,0.0,0.0
4,Le Havre,49.4938975,0.1079732,2026-08-20 03:00:00,17.18,16.94,76,clear sky,5.97,0.0,0.0
4,Le Havre,49.4938975,0.1079732,2026-08-20 06:00:00,16.69,16.45,78,light rain,6.01,0.2,0.21
4,Le Havre,49.4938975,0.1079732,2026-08-20 09:00:00,18.2,17.83,67,few clouds,6.7,0.0,0.0
5,Rouen,49.4404591,1.0939658,2026-08-15 12:00:00,26.24,26.24,64,overcast clouds,3.5,0.0,0.0
5,Rouen,49.4404591,1.0939658,2026-08-15 15:00:00,29.36,30.14,50,overcast clouds,5.35,0.0,0.0
5,Rouen,49.4404591,1.0939658,2026-08-15 18:00:00,27.9,28.61,53,overcast clouds,4.8,0.0,0.0
5,Rouen,49.4404591,1.0939658,2026-08-15 21:00:00,26.06,26.06,80,few clouds,3.63,0.0,0.0
5,Rouen,49.4404591,1.0939658,2026-08-16 00:00:00,18.87,19.16,90,clear sky,2.94,0.0,0.0
5,Rouen,49.4404591,1.0939658,2026-08-16 03:00:00,16.22,16.35,94,clear sky,2.66,0.0,0.0
5,Rouen,49.4404591,1.0939658,2026-08-16 06:00:00,18.64,18.86,88,clear sky,2.16,0.0,0.0
5,Rouen,49.4404591,1.0939658,2026-08-16 09:00:00,24.41,24.37,56,overcast clouds,2.9,0.0,0.0
5,Rouen,49.4404591,1.0939658,2026-08-16 12:00:00,27.97,27.64,40,overcast clouds,3.02,0.0,0.0
5,Rouen,49.4404591,1.0939658,2026-08-16 15:00:00,30.41,29.4,33,overcast clouds,5.59,0.0,0.0
5,Rouen,49.4404591,1.0939658,2026-08-16 18:00:00,26.82,26.88,43,broken clouds,5.17,0.0,0.0
5,Rouen,49.4404591,1.0939658,2026-08-16 21:00:00,20.46,20.42,71,overcast clouds,2.38,0.0,0.0
5,Rouen,49.4404591,1.0939658,2026-08-17 00:00:00,17.6,17.24,70,overcast clouds,2.31,0.0,0.0
5,Rouen,49.4404591,1.0939658,2026-08-17 03:00:00,17.36,17.34,84,overcast clouds,2.15,0.0,0.0
5,Rouen,49.4404591,1.0939658,2026-08-17 06:00:00,18.39,18.35,79,overcast clouds,2.65,0.0,0.0
5,Rouen,49.4404591,1.0939658,2026-08-17 09:00:00,24.59,24.15,40,overcast clouds,4.69,0.0,0.0
5,Rouen,49.4404591,1.0939658,2026-08-17 12:00:00,27.5,26.88,33,overcast clouds,6.24,0.0,0.0
5,Rouen,49.4404591,1.0939658,2026-08-17 15:00:00,26.41,26.41,42,overcast clouds,6.58,0.0,0.0
5,Rouen,49.4404591,1.0939658,2026-08-17 18:00:00,23.7,23.48,52,overcast clouds,4.08,0.0,0.0
5,Rouen,49.4404591,1.0939658,2026-08-17 21:00:00,17.69,17.68,83,broken clouds,2.61,0.0,0.0
5,Rouen,49.4404591,1.0939658,2026-08-18 00:00:00,16.83,16.97,92,scattered clouds,2.14,0.0,0.0
5,Rouen,49.4404591,1.0939658,2026-08-18 03:00:00,16.25,16.38,94,few clouds,2.6,0.0,0.0
5,Rouen,49.4404591,1.0939658,2026-08-18 06:00:00,16.98,17.08,90,scattered clouds,2.72,0.0,0.0
5,Rouen,49.4404591,1.0939658,2026-08-18 09:00:00,24.53,24.19,44,broken clouds,5.27,0.0,0.0
5,Rouen,49.4404591,1.0939658,2026-08-18 12:00:00,28.05,27.92,43,broken clouds,6.6,0.0,0.0
5,Rouen,49.4404591,1.0939658,2026-08-18 15:00:00,28.52,28.66,46,clear sky,6.94,0.0,0.0
5,Rouen,49.4404591,1.0939658,2026-08-18 18:00:00,25.05,25.13,58,scattered clouds,5.48,0.0,0.0
5,Rouen,49.4404591,1.0939658,2026-08-18 21:00:00,18.69,18.96,90,clear sky,2.69,0.0,0.0
5,Rouen,49.4404591,1.0939658,2026-08-19 00:00:00,17.65,17.95,95,clear sky,2.47,0.0,0.0
5,Rouen,49.4404591,1.0939658,2026-08-19 03:00:00,17.22,17.5,96,few clouds,3.17,0.0,0.0
5,Rouen,49.4404591,1.0939658,2026-08-19 06:00:00,18.27,18.55,92,scattered clouds,5.27,0.0,0.0
5,Rouen,49.4404591,1.0939658,2026-08-19 09:00:00,17.6,17.64,85,light rain,4.87,0.2,0.22
5,Rouen,49.4404591,1.0939658,2026-08-19 12:00:00,22.68,22.41,54,light rain,3.72,0.2,0.13
5,Rouen,49.4404591,1.0939658,2026-08-19 15:00:00,22.28,21.9,51,overcast clouds,5.14,0.0,0.0
5,Rouen,49.4404591,1.0939658,2026-08-19 18:00:00,21.33,20.67,44,broken clouds,4.83,0.0,0.0
5,Rouen,49.4404591,1.0939658,2026-08-19 21:00:00,14.5,14.17,83,broken clouds,2.04,0.0,0.0
5,Rouen,49.4404591,1.0939658,2026-08-20 00:00:00,13.63,13.42,91,scattered clouds,2.2,0.0,0.0
5,Rouen,49.4404591,1.0939658,2026-08-20 03:00:00,12.97,12.75,93,broken clouds,2.44,0.0,0.0
5,Rouen,49.4404591,1.0939658,2026-08-20 06:00:00,13.01,12.72,90,scattered clouds,2.35,0.0,0.0
5,Rouen,49.4404591,1.0939658,2026-08-20 09:00:00,20.08,19.42,49,few clouds,5.62,0.0,0.0
6,Paris,48.8534951,2.3483915,2026-08-15 12:00:00,29.78,29.91,44,overcast clouds,1.79,0.41,0.0
6,Paris,48.8534951,2.3483915,2026-08-15 15:00:00,32.62,32.12,34,overcast clouds,3.41,0.0,0.0
6,Paris,48.8534951,2.3483915,2026-08-15 18:00:00,29.38,28.4,33,overcast clouds,3.43,0.0,0.0
6,Paris,48.8534951,2.3483915,2026-08-15 21:00:00,24.75,24.51,47,light rain,5.07,0.3,0.11
6,Paris,48.8534951,2.3483915,2026-08-16 00:00:00,19.71,19.3,60,broken clouds,3.53,0.0,0.0
6,Paris,48.8534951,2.3483915,2026-08-16 03:00:00,17.96,17.59,68,clear sky,3.1,0.0,0.0
6,Paris,48.8534951,2.3483915,2026-08-16 06:00:00,20.06,19.98,71,clear sky,3.02,0.0,0.0
6,Paris,48.8534951,2.3483915,2026-08-16 09:00:00,23.63,23.46,54,broken clouds,2.78,0.0,0.0
6,Paris,48.8534951,2.3483915,2026-08-16 12:00:00,28.46,27.86,37,broken clouds,1.71,0.0,0.0
6,Paris,48.8534951,2.3483915,2026-08-16 15:00:00,31.25,29.9,29,scattered clouds,1.46,0.0,0.0
6,Paris,48.8534951,2.3483915,2026-08-16 18:00:00,28.47,27.4,29,broken clouds,2.98,0.0,0.0
6,Paris,48.8534951,2.3483915,2026-08-16 21:00:00,23.22,22.49,34,overcast clouds,3.76,0.0,0.0
6,Paris,48.8534951,2.3483915,2026-08-17 00:00:00,19.68,18.7,38,overcast clouds,2.53,0.0,0.0
6,Paris,48.8534951,2.3483915,2026-08-17 03:00:00,23.4,22.79,38,overcast clouds,2.08,0.0,0.0
6,Paris,48.8534951,2.3483915,2026-08-17 06:00:00,22.13,21.52,43,overcast clouds,2.94,0.0,0.0
6,Paris,48.8534951,2.3483915,2026-08-17 09:00:00,24.87,24.59,45,overcast clouds,2.72,0.0,0.0
6,Paris,48.8534951,2.3483915,2026-08-17 12:00:00,29.07,27.82,28,overcast clouds,3.32,0.0,0.0
6,Paris,48.8534951,2.3483915,2026-08-17 15:00:00,30.58,29.01,26,overcast clouds,4.89,0.0,0.0
6,Paris,48.8534951,2.3483915,2026-08-17 18:00:00,27.74,27.05,33,overcast clouds,4.88,0.0,0.0
6,Paris,48.8534951,2.3483915,2026-08-17 21:00:00,24.5,24.08,41,broken clouds,3.66,0.0,0.0
6,Paris,48.8534951,2.3483915,2026-08-18 00:00:00,22.55,22.17,50,broken clouds,2.49,0.0,0.0
6,Paris,48.8534951,2.3483915,2026-08-18 03:00:00,21.55,21.28,58,clear sky,1.84,0.0,0.0
6,Paris,48.8534951,2.3483915,2026-08-18 06:00:00,21.25,21.08,63,scattered clouds,2.2,0.0,0.0
6,Paris,48.8534951,2.3483915,2026-08-18 09:00:00,25.13,24.77,41,scattered clouds,3.05,0.0,0.0
6,Paris,48.8534951,2.3483915,2026-08-18 12:00:00,30.14,28.68,27,broken clouds,3.35,0.0,0.0
6,Paris,48.8534951,2.3483915,2026-08-18 15:00:00,32.57,30.82,24,clear sky,4.22,0.0,0.0
6,Paris,48.8534951,2.3483915,2026-08-18 18:00:00,30.46,29.76,36,few clouds,4.24,0.0,0.0
6,Paris,48.8534951,2.3483915,2026-08-18 21:00:00,26.38,26.38,51,few clouds,3.6,0.0,0.0
6,Paris,48.8534951,2.3483915,2026-08-19 00:00:00,24.69,24.7,57,clear sky,1.77,0.0,0.0
6,Paris,48.8534951,2.3483915,2026-08-19 03:00:00,23.51,23.51,61,clear sky,1.72,0.0,0.0
6,Paris,48.8534951,2.3483915,2026-08-19 06:00:00,21.84,21.86,68,clear sky,3.88,0.0,0.0
6,Paris,48.8534951,2.3483915,2026-08-19 09:00:00,24.32,24.37,60,few clouds,5.59,0.0,0.0
6,Paris,48.8534951,2.3483915,2026-08-19 12:00:00,23.35,23.23,57,broken clouds,3.57,0.0,0.0
6,Paris,48.8534951,2.3483915,2026-08-19 15:00:00,24.53,24.21,45,overcast clouds,3.44,0.0,0.0
6,Paris,48.8534951,2.3483915,2026-08-19 18:00:00,23.56,23.15,45,overcast clouds,3.38,0.0,0.0
6,Paris,48.8534951,2.3483915,2026-08-19 21:00:00,22.21,21.64,44,overcast clouds,2.89,0.0,0.0
6,Paris,48.8534951,2.3483915,2026-08-20 00:00:00,20.33,19.57,44,overcast clouds,1.77,0.0,0.0
6,Paris,48.8534951,2.3483915,2026-08-20 03:00:00,19.23,18.62,54,scattered clouds,1.63,0.0,0.0
6,Paris,48.8534951,2.3483915,2026-08-20 06:00:00,18.48,18.03,63,scattered clouds,2.36,0.0,0.0
6,Paris,48.8534951,2.3483915,2026-08-20 09:00:00,20.76,20.14,48,overcast clouds,3.12,0.0,0.0
7,Amiens,49.8941708,2.2956951,2026-08-15 12:00:00,27.03,27.77,55,overcast clouds,2.84,0.55,0.0
7,Amiens,49.8941708,2.2956951,2026-08-15 15:00:00,29.84,29.86,43,light rain,3.88,0.2,0.13
7,Amiens,49.8941708,2.2956951,2026-08-15 18:00:00,27.18,27.46,48,overcast clouds,5.96,0.0,0.0
7,Amiens,49.8941708,2.2956951,2026-08-15 21:00:00,21.79,22.14,81,light rain,4.62,0.39,0.18
7,Amiens,49.8941708,2.2956951,2026-08-16 00:00:00,17.21,17.39,92,scattered clouds,3.33,0.17,0.0
7,Amiens,49.8941708,2.2956951,2026-08-16 03:00:00,14.95,15.01,96,clear sky,2.3,0.0,0.0
7,Amiens,49.8941708,2.2956951,2026-08-16 06:00:00,17.25,17.28,86,clear sky,2.77,0.0,0.0
7,Amiens,49.8941708,2.2956951,2026-08-16 09:00:00,22.81,22.56,54,broken clouds,3.46,0.0,0.0
7,Amiens,49.8941708,2.2956951,2026-08-16 12:00:00,27.83,27.22,35,broken clouds,3.29,0.0,0.0
7,Amiens,49.8941708,2.2956951,2026-08-16 15:00:00,30.14,28.62,26,broken clouds,3.09,0.0,0.0
7,Amiens,49.8941708,2.2956951,2026-08-16 18:00:00,26.46,26.46,40,broken clouds,5.89,0.0,0.0
7,Amiens,49.8941708,2.2956951,2026-08-16 21:00:00,19.95,19.52,58,scattered clouds,2.53,0.0,0.0
7,Amiens,49.8941708,2.2956951,2026-08-17 00:00:00,17.61,16.86,55,broken clouds,0.37,0.0,0.0
7,Amiens,49.8941708,2.2956951,2026-08-17 03:00:00,19.17,18.74,61,overcast clouds,1.85,0.0,0.0
7,Amiens,49.8941708,2.2956951,2026-08-17 06:00:00,19.46,19.24,68,overcast clouds,1.85,0.0,0.0
7,Amiens,49.8941708,2.2956951,2026-08-17 09:00:00,25.13,24.69,38,overcast clouds,3.62,0.0,0.0
7,Amiens,49.8941708,2.2956951,2026-08-17 12:00:00,26.39,26.39,31,overcast clouds,5.98,0.0,0.0
7,Amiens,49.8941708,2.2956951,2026-08-17 15:00:00,26.93,26.63,36,broken clouds,6.71,0.0,0.0
7,Amiens,49.8941708,2.2956951,2026-08-17 18:00:00,23.51,23.12,46,broken clouds,5.52,0.0,0.0
7,Amiens,49.8941708,2.2956951,2026-08-17 21:00:00,17.79,17.56,74,broken clouds,2.9,0.0,0.0
7,Amiens,49.8941708,2.2956951,2026-08-18 00:00:00,16.46,16.51,90,scattered clouds,1.77,0.0,0.0
7,Amiens,49.8941708,2.2956951,2026-08-18 03:00:00,16.38,16.32,86,few clouds,3.19,0.0,0.0
7,Amiens,49.8941708,2.2956951,2026-08-18 06:00:00,18.05,17.97,79,few clouds,3.78,0.0,0.0
7,Amiens,49.8941708,2.2956951,2026-08-18 09:00:00,25.33,24.91,38,scattered clouds,5.73,0.0,0.0
7,Amiens,49.8941708,2.2956951,2026-08-18 12:00:00,29.77,28.47,29,scattered clouds,6.59,0.0,0.0
7,Amiens,49.8941708,2.2956951,2026-08-18 15:00:00,27.79,28.06,48,broken clouds,8.24,0.0,0.0
7,Amiens,49.8941708,2.2956951,2026-08-18 18:00:00,24.05,24.16,63,overcast clouds,5.9,0.0,0.0
7,Amiens,49.8941708,2.2956951,2026-08-18 21:00:00,18.42,18.72,92,broken clouds,2.79,0.0,0.0
7,Amiens,49.8941708,2.2956951,2026-08-19 00:00:00,17.45,17.73,95,scattered clouds,3.01,0.0,0.0
7,Amiens,49.8941708,2.2956951,2026-08-19 03:00:00,16.95,17.23,97,clear sky,3.71,0.0,0.0
7,Amiens,49.8941708,2.2956951,2026-08-19 06:00:00,18.63,18.9,90,clear sky,5.44,0.0,0.0
7,Amiens,49.8941708,2.2956951,2026-08-19 09:00:00,16.16,16.05,85,light rain,4.55,0.66,0.34
7,Amiens,49.8941708,2.2956951,2026-08-19 12:00:00,21.46,21.18,58,overcast clouds,3.47,0.26,0.0
7,Amiens,49.8941708,2.2956951,2026-08-19 15:00:00,23.48,23.01,43,overcast clouds,6.17,0.0,0.0
7,Amiens,49.8941708,2.2956951,2026-08-19 18:00:00,21.09,20.4,44,broken clouds,5.1,0.0,0.0
7,Amiens,49.8941708,2.2956951,2026-08-19 21:00:00,13.89,13.53,84,overcast clouds,3.03,0.0,0.0
7,Amiens,49.8941708,2.2956951,2026-08-20 00:00:00,13.18,12.98,93,broken clouds,2.89,0.0,0.0
7,Amiens,49.8941708,2.2956951,2026-08-20 03:00:00,12.77,12.58,95,few clouds,3.16,0.0,0.0
7,Amiens,49.8941708,2.2956951,2026-08-20 06:00:00,13.65,13.32,86,few clouds,3.41,0.0,0.0
7,Amiens,49.8941708,2.2956951,2026-08-20 09:00:00,20.79,20.23,50,clear sky,5.13,0.0,0.0
8,Lille,50.6365654,3.0635282,2026-08-15 12:00:00,27.39,28.34,57,light rain,2.93,0.79,0.38
8,Lille,50.6365654,3.0635282,2026-08-15 15:00:00,29.63,29.72,44,light rain,4.25,0.61,0.37
8,Lille,50.6365654,3.0635282,2026-08-15 18:00:00,24.65,24.63,56,overcast clouds,6.11,0.22,0.0
8,Lille,50.6365654,3.0635282,2026-08-15 21:00:00,20.98,21.14,77,overcast clouds,5.04,0.0,0.0
8,Lille,50.6365654,3.0635282,2026-08-16 00:00:00,15.41,15.12,81,broken clouds,4.17,0.0,0.0
8,Lille,50.6365654,3.0635282,2026-08-16 03:00:00,12.99,12.49,82,clear sky,2.98,0.0,0.0
8,Lille,50.6365654,3.0635282,2026-08-16 06:00:00,14.22,13.63,74,clear sky,2.55,0.0,0.0
8,Lille,50.6365654,3.0635282,2026-08-16 09:00:00,19.91,19.24,49,broken clouds,3.23,0.0,0.0
8,Lille,50.6365654,3.0635282,2026-08-16 12:00:00,27.33,26.72,32,overcast clouds,3.09,0.0,0.0
8,Lille,50.6365654,3.0635282,2026-08-16 15:00:00,29.27,28.04,29,overcast clouds,3.82,0.0,0.0
8,Lille,50.6365654,3.0635282,2026-08-16 18:00:00,24.73,24.25,38,overcast clouds,4.32,0.0,0.0
8,Lille,50.6365654,3.0635282,2026-08-16 21:00:00,19.7,19.03,50,broken clouds,2.16,0.0,0.0
8,Lille,50.6365654,3.0635282,2026-08-17 00:00:00,15.97,14.9,49,overcast clouds,0.84,0.0,0.0
8,Lille,50.6365654,3.0635282,2026-08-17 03:00:00,19.33,18.78,56,overcast clouds,0.31,0.0,0.0
8,Lille,50.6365654,3.0635282,2026-08-17 06:00:00,19.51,19.0,57,overcast clouds,0.69,0.0,0.0
8,Lille,50.6365654,3.0635282,2026-08-17 09:00:00,20.65,20.23,56,overcast clouds,0.07,0.0,0.0
8,Lille,50.6365654,3.0635282,2026-08-17 12:00:00,25.44,25.08,40,overcast clouds,3.24,0.0,0.0
8,Lille,50.6365654,3.0635282,2026-08-17 15:00:00,25.73,25.4,40,overcast clouds,5.13,0.0,0.0
8,Lille,50.6365654,3.0635282,2026-08-17 18:00:00,22.8,22.44,50,overcast clouds,3.8,0.0,0.0
8,Lille,50.6365654,3.0635282,2026-08-17 21:00:00,20.08,19.74,61,overcast clouds,1.83,0.0,0.0
8,Lille,50.6365654,3.0635282,2026-08-18 00:00:00,19.87,19.51,61,overcast clouds,1.89,0.0,0.0
8,Lille,50.6365654,3.0635282,2026-08-18 03:00:00,18.38,18.44,83,overcast clouds,3.18,0.0,0.0
8,Lille,50.6365654,3.0635282,2026-08-18 06:00:00,19.36,19.36,77,overcast clouds,4.02,0.0,0.0
8,Lille,50.6365654,3.0635282,2026-08-18 09:00:00,24.42,24.12,46,overcast clouds,5.66,0.0,0.0
8,Lille,50.6365654,3.0635282,2026-08-18 12:00:00,26.87,26.82,41,overcast clouds,6.16,0.0,0.0
8,Lille,50.6365654,3.0635282,2026-08-18 15:00:00,27.12,27.28,46,overcast clouds,6.59,0.0,0.0
8,Lille,50.6365654,3.0635282,2026-08-18 18:00:00,23.61,23.75,66,overcast clouds,5.45,0.0,0.0
8,Lille,50.6365654,3.0635282,2026-08-18 21:00:00,20.46,20.7,82,overcast clouds,4.22,0.0,0.0
8,Lille,50.6365654,3.0635282,2026-08-19 00:00:00,19.04,19.35,90,broken clouds,3.93,0.0,0.0
8,Lille,50.6365654,3.0635282,2026-08-19 03:00:00,19.65,19.92,86,scattered clouds,5.57,0.0,0.0
8,Lille,50.6365654,3.0635282,2026-08-19 06:00:00,18.71,18.88,86,light rain,4.3,0.66,0.73
8,Lille,50.6365654,3.0635282,2026-08-19 09:00:00,16.73,16.65,84,moderate rain,3.26,1.0,3.09
8,Lille,50.6365654,3.0635282,2026-08-19 12:00:00,20.34,20.0,60,overcast clouds,3.92,0.8,0.0
8,Lille,50.6365654,3.0635282,2026-08-19 15:00:00,23.63,23.04,38,overcast clouds,5.77,0.0,0.0
8,Lille,50.6365654,3.0635282,2026-08-19 18:00:00,21.39,20.76,45,broken clouds,5.6,0.0,0.0
8,Lille,50.6365654,3.0635282,2026-08-19 21:00:00,16.18,15.89,78,broken clouds,3.41,0.0,0.0
8,Lille,50.6365654,3.0635282,2026-08-20 00:00:00,15.06,14.84,85,scattered clouds,3.24,0.0,0.0
8,Lille,50.6365654,3.0635282,2026-08-20 03:00:00,14.49,14.24,86,clear sky,3.19,0.0,0.0
8,Lille,50.6365654,3.0635282,2026-08-20 06:00:00,15.52,15.19,79,clear sky,4.38,0.0,0.0
8,Lille,50.6365654,3.0635282,2026-08-20 09:00:00,20.49,19.9,50,clear sky,5.32,0.0,0.0
9,Strasbourg,48.584614,7.7507127,2026-08-15 12:00:00,29.3,28.64,37,overcast clouds,2.68,0.0,0.0
9,Strasbourg,48.584614,7.7507127,2026-08-15 15:00:00,33.4,31.71,24,overcast clouds,2.35,0.0,0.0
9,Strasbourg,48.584614,7.7507127,2026-08-15 18:00:00,28.83,27.91,33,broken clouds,5.74,0.0,0.0
9,Strasbourg,48.584614,7.7507127,2026-08-15 21:00:00,22.4,22.11,54,broken clouds,6.28,0.0,0.0
9,Strasbourg,48.584614,7.7507127,2026-08-16 00:00:00,20.56,20.26,61,broken clouds,3.99,0.0,0.0
9,Strasbourg,48.584614,7.7507127,2026-08-16 03:00:00,17.42,16.89,64,broken clouds,0.67,0.0,0.0
9,Strasbourg,48.584614,7.7507127,2026-08-16 06:00:00,21.25,21.1,64,light rain,1.56,0.2,0.11
9,Strasbourg,48.584614,7.7507127,2026-08-16 09:00:00,27.04,28.06,59,light rain,1.48,1.0,1.09
9,Strasbourg,48.584614,7.7507127,2026-08-16 12:00:00,32.02,30.84,30,overcast clouds,0.99,0.8,0.0
9,Strasbourg,48.584614,7.7507127,2026-08-16 15:00:00,33.84,32.21,24,scattered clouds,2.43,0.0,0.0
9,Strasbourg,48.584614,7.7507127,2026-08-16 18:00:00,23.55,24.08,81,moderate rain,0.55,1.0,5.47
9,Strasbourg,48.584614,7.7507127,2026-08-16 21:00:00,19.17,19.52,91,light rain,2.02,1.0,2.46
9,Strasbourg,48.584614,7.7507127,2026-08-17 00:00:00,17.66,17.88,92,light rain,2.07,1.0,0.18
9,Strasbourg,48.584614,7.7507127,2026-08-17 03:00:00,18.08,18.4,94,light rain,1.09,1.0,1.46
9,Strasbourg,48.584614,7.7507127,2026-08-17 06:00:00,18.54,18.85,92,light rain,1.58,1.0,0.51
9,Strasbourg,48.584614,7.7507127,2026-08-17 09:00:00,20.34,20.54,81,light rain,0.8,1.0,1.05
9,Strasbourg,48.584614,7.7507127,2026-08-17 12:00:00,23.94,23.75,52,light rain,0.38,0.95,0.33
9,Strasbourg,48.584614,7.7507127,2026-08-17 15:00:00,27.99,27.14,31,broken clouds,1.14,0.0,0.0
9,Strasbourg,48.584614,7.7507127,2026-08-17 18:00:00,24.1,23.66,42,broken clouds,2.76,0.0,0.0
9,Strasbourg,48.584614,7.7507127,2026-08-17 21:00:00,21.42,20.98,52,overcast clouds,1.28,0.0,0.0
9,Strasbourg,48.584614,7.7507127,2026-08-18 00:00:00,21.11,20.63,52,overcast clouds,0.98,0.0,0.0
9,Strasbourg,48.584614,7.7507127,2026-08-18 03:00:00,17.76,17.52,74,broken clouds,1.76,0.0,0.0
9,Strasbourg,48.584614,7.7507127,2026-08-18 06:00:00,19.48,19.18,65,broken clouds,1.36,0.0,0.0
9,Strasbourg,48.584614,7.7507127,2026-08-18 09:00:00,25.34,25.03,42,broken clouds,2.18,0.0,0.0
9,Strasbourg,48.584614,7.7507127,2026-08-18 12:00:00,29.58,28.51,32,broken clouds,4.46,0.0,0.0
9,Strasbourg,48.584614,7.7507127,2026-08-18 15:00:00,31.79,30.37,28,overcast clouds,4.63,0.0,0.0
9,Strasbourg,48.584614,7.7507127,2026-08-18 18:00:00,27.63,27.23,38,overcast clouds,2.01,0.0,0.0
9,Strasbourg,48.584614,7.7507127,2026-08-18 21:00:00,23.68,23.36,48,overcast clouds,1.45,0.0,0.0
9,Strasbourg,48.584614,7.7507127,2026-08-19 00:00:00,20.72,20.34,57,overcast clouds,1.11,0.0,0.0
9,Strasbourg,48.584614,7.7507127,2026-08-19 03:00:00,19.16,18.72,61,few clouds,2.11,0.0,0.0
9,Strasbourg,48.584614,7.7507127,2026-08-19 06:00:00,20.97,20.56,55,clear sky,3.46,0.0,0.0
9,Strasbourg,48.584614,7.7507127,2026-08-19 09:00:00,31.0,29.73,30,clear sky,4.6,0.0,0.0
9,Strasbourg,48.584614,7.7507127,2026-08-19 12:00:00,33.36,31.67,24,clear sky,7.18,0.0,0.0
9,Strasbourg,48.584614,7.7507127,2026-08-19 15:00:00,33.8,31.84,21,clear sky,7.33,0.0,0.0
9,Strasbourg,48.584614,7.7507127,2026-08-19 18:00:00,26.96,27.15,46,few clouds,4.26,0.0,0.0
9,Strasbourg,48.584614,7.7507127,2026-08-19 21:00:00,18.88,19.12,88,light rain,3.15,0.99,0.84
9,Strasbourg,48.584614,7.7507127,2026-08-20 00:00:00,17.17,17.4,94,light rain,2.0,0.98,0.93
9,Strasbourg,48.584614,7.7507127,2026-08-20 03:00:00,16.57,16.74,94,light rain,1.24,1.0,0.57
9,Strasbourg,48.584614,7.7507127,2026-08-20 06:00:00,17.47,17.6,89,light rain,0.34,1.0,0.3
9,Strasbourg,48.584614,7.7507127,2026-08-20 09:00:00,19.94,20.13,82,light rain,2.47,0.6,0.45
10,Chateau du Haut Koenigsbourg,48.249382,7.3439412,2026-08-15 12:00:00,26.56,26.56,42,broken clouds,1.92,0.0,0.0
10,Chateau du Haut Koenigsbourg,48.249382,7.3439412,2026-08-15 15:00:00,27.95,30.57,70,light rain,6.46,0.9,2.31
10,Chateau du Haut Koenigsbourg,48.249382,7.3439412,2026-08-15 18:00:00,24.32,24.4,61,light rain,4.16,0.87,0.51
10,Chateau du Haut Koenigsbourg,48.249382,7.3439412,2026-08-15 21:00:00,19.74,19.36,61,broken clouds,2.18,0.0,0.0
10,Chateau du Haut Koenigsbourg,48.249382,7.3439412,2026-08-16 00:00:00,18.33,17.65,55,broken clouds,1.78,0.0,0.0
10,Chateau du Haut Koenigsbourg,48.249382,7.3439412,2026-08-16 03:00:00,16.26,15.38,55,overcast clouds,0.6,0.0,0.0
10,Chateau du Haut Koenigsbourg,48.249382,7.3439412,2026-08-16 06:00:00,19.64,19.3,63,overcast clouds,1.49,0.0,0.0
10,Chateau du Haut Koenigsbourg,48.249382,7.3439412,2026-08-16 09:00:00,25.85,25.82,51,light rain,0.99,0.91,0.63
10,Chateau du Haut Koenigsbourg,48.249382,7.3439412,2026-08-16 12:00:00,30.07,28.97,32,overcast clouds,0.52,0.5,0.0
10,Chateau du Haut Koenigsbourg,48.249382,7.3439412,2026-08-16 15:00:00,31.13,29.87,30,broken clouds,2.48,0.0,0.0
10,Chateau du Haut Koenigsbourg,48.249382,7.3439412,2026-08-16 18:00:00,22.04,22.55,86,light rain,2.94,0.94,1.34
10,Chateau du Haut Koenigsbourg,48.249382,7.3439412,2026-08-16 21:00:00,18.0,18.28,93,light rain,1.28,1.0,2.41
10,Chateau du Haut Koenigsbourg,48.249382,7.3439412,2026-08-17 00:00:00,16.59,16.71,92,light rain,1.71,1.0,1.05
10,Chateau du Haut Koenigsbourg,48.249382,7.3439412,2026-08-17 03:00:00,15.13,15.18,95,light rain,1.11,1.0,1.45
10,Chateau du Haut Koenigsbourg,48.249382,7.3439412,2026-08-17 06:00:00,16.04,16.18,95,light rain,1.2,1.0,0.4
10,Chateau du Haut Koenigsbourg,48.249382,7.3439412,2026-08-17 09:00:00,18.9,19.01,83,light rain,0.27,1.0,0.85
10,Chateau du Haut Koenigsbourg,48.249382,7.3439412,2026-08-17 12:00:00,23.19,22.84,49,light rain,0.28,1.0,0.19
10,Chateau du Haut Koenigsbourg,48.249382,7.3439412,2026-08-17 15:00:00,24.4,23.91,39,overcast clouds,2.3,0.02,0.0
10,Chateau du Haut Koenigsbourg,48.249382,7.3439412,2026-08-17 18:00:00,20.62,20.1,52,overcast clouds,1.33,0.0,0.0
10,Chateau du Haut Koenigsbourg,48.249382,7.3439412,2026-08-17 21:00:00,16.77,16.07,60,overcast clouds,0.55,0.0,0.0
10,Chateau du Haut Koenigsbourg,48.249382,7.3439412,2026-08-18 00:00:00,16.93,16.25,60,overcast clouds,1.37,0.0,0.0
10,Chateau du Haut Koenigsbourg,48.249382,7.3439412,2026-08-18 03:00:00,15.96,15.28,64,broken clouds,1.43,0.0,0.0
10,Chateau du Haut Koenigsbourg,48.249382,7.3439412,2026-08-18 06:00:00,16.97,16.47,67,broken clouds,1.21,0.0,0.0
10,Chateau du Haut Koenigsbourg,48.249382,7.3439412,2026-08-18 09:00:00,22.88,22.37,44,broken clouds,1.6,0.0,0.0
10,Chateau du Haut Koenigsbourg,48.249382,7.3439412,2026-08-18 12:00:00,26.8,26.5,35,broken clouds,3.64,0.0,0.0
10,Chateau du Haut Koenigsbourg,48.249382,7.3439412,2026-08-18 15:00:00,27.97,27.17,32,overcast clouds,3.84,0.0,0.0
10,Chateau du Haut Koenigsbourg,48.249382,7.3439412,2026-08-18 18:00:00,23.12,22.77,49,overcast clouds,2.33,0.0,0.0
10,Chateau du Haut Koenigsbourg,48.249382,7.3439412,2026-08-18 21:00:00,19.5,18.97,56,overcast clouds,2.57,0.0,0.0
10,Chateau du Haut Koenigsbourg,48.249382,7.3439412,2026-08-19 00:00:00,18.68,18.09,57,overcast clouds,2.23,0.0,0.0
10,Chateau du Haut Koenigsbourg,48.249382,7.3439412,2026-08-19 03:00:00,17.53,16.93,61,clear sky,1.99,0.0,0.0
10,Chateau du Haut Koenigsbourg,48.249382,7.3439412,2026-08-19 06:00:00,19.71,19.22,57,clear sky,2.02,0.0,0.0
10,Chateau du Haut Koenigsbourg,48.249382,7.3439412,2026-08-19 09:00:00,28.17,27.27,31,clear sky,5.26,0.0,0.0
10,Chateau du Haut Koenigsbourg,48.249382,7.3439412,2026-08-19 12:00:00,30.15,28.63,26,clear sky,6.31,0.0,0.0
10,Chateau du Haut Koenigsbourg,48.249382,7.3439412,2026-08-19 15:00:00,30.01,28.4,24,clear sky,6.24,0.0,0.0
10,Chateau du Haut Koenigsbourg,48.249382,7.3439412,2026-08-19 18:00:00,23.43,23.13,50,clear sky,2.67,0.0,0.0
10,Chateau du Haut Koenigsbourg,48.249382,7.3439412,2026-08-19 21:00:00,16.89,16.75,81,scattered clouds,2.15,0.0,0.0
10,Chateau du Haut Koenigsbourg,48.249382,7.3439412,2026-08-20 00:00:00,14.01,13.95,95,light rain,1.68,0.3,0.31
10,Chateau du Haut Koenigsbourg,48.249382,7.3439412,2026-08-20 03:00:00,14.28,14.24,95,light rain,1.25,0.9,0.48
10,Chateau du Haut Koenigsbourg,48.249382,7.3439412,2026-08-20 06:00:00,14.77,14.81,96,light rain,1.39,1.0,0.6
10,Chateau du Haut Koenigsbourg,48.249382,7.3439412,2026-08-20 09:00:00,17.73,17.83,87,light rain,1.78,1.0,1.62
11,Colmar,48.0777517,7.3579641,2026-08-15 12:00:00,29.43,29.26,42,broken clouds,3.02,0.0,0.0
11,Colmar,48.0777517,7.3579641,2026-08-15 15:00:00,28.87,31.59,65,light rain,8.16,0.9,2.02
11,Colmar,48.0777517,7.3579641,2026-08-15 18:00:00,26.45,26.45,64,light rain,5.21,0.85,0.31
11,Colmar,48.0777517,7.3579641,2026-08-15 21:00:00,22.45,22.19,55,broken clouds,2.33,0.0,0.0
11,Colmar,48.0777517,7.3579641,2026-08-16 00:00:00,21.02,20.64,56,broken clouds,2.43,0.0,0.0
11,Colmar,48.0777517,7.3579641,2026-08-16 03:00:00,19.36,18.81,56,broken clouds,2.1,0.0,0.0
11,Colmar,48.0777517,7.3579641,2026-08-16 06:00:00,22.6,22.48,60,broken clouds,1.04,0.0,0.0
11,Colmar,48.0777517,7.3579641,2026-08-16 09:00:00,28.78,29.61,52,light rain,1.67,0.76,0.46
11,Colmar,48.0777517,7.3579641,2026-08-16 12:00:00,32.75,31.83,31,light rain,1.3,0.48,0.21
11,Colmar,48.0777517,7.3579641,2026-08-16 15:00:00,33.67,33.56,34,overcast clouds,2.25,0.0,0.0
11,Colmar,48.0777517,7.3579641,2026-08-16 18:00:00,25.11,25.58,73,light rain,2.19,0.54,0.4
11,Colmar,48.0777517,7.3579641,2026-08-16 21:00:00,21.07,21.66,93,light rain,1.61,1.0,2.6
11,Colmar,48.0777517,7.3579641,2026-08-17 00:00:00,19.7,20.15,93,light rain,1.9,1.0,1.88
11,Colmar,48.0777517,7.3579641,2026-08-17 03:00:00,17.49,17.75,94,light rain,0.81,1.0,1.36
11,Colmar,48.0777517,7.3579641,2026-08-17 06:00:00,18.83,19.2,93,light rain,0.71,1.0,0.44
11,Colmar,48.0777517,7.3579641,2026-08-17 09:00:00,20.94,21.28,84,light rain,0.95,1.0,0.52
11,Colmar,48.0777517,7.3579641,2026-08-17 12:00:00,23.4,23.52,66,light rain,0.3,0.98,0.77
11,Colmar,48.0777517,7.3579641,2026-08-17 15:00:00,26.9,26.84,41,light rain,1.67,0.31,0.26
11,Colmar,48.0777517,7.3579641,2026-08-17 18:00:00,23.3,23.1,54,light rain,0.63,0.34,0.14
11,Colmar,48.0777517,7.3579641,2026-08-17 21:00:00,19.16,18.88,67,overcast clouds,1.66,0.0,0.0
11,Colmar,48.0777517,7.3579641,2026-08-18 00:00:00,18.3,17.99,69,broken clouds,1.64,0.0,0.0
11,Colmar,48.0777517,7.3579641,2026-08-18 03:00:00,17.84,17.46,68,scattered clouds,1.58,0.0,0.0
11,Colmar,48.0777517,7.3579641,2026-08-18 06:00:00,19.68,19.51,69,scattered clouds,0.56,0.0,0.0
11,Colmar,48.0777517,7.3579641,2026-08-18 09:00:00,25.65,25.47,46,broken clouds,0.34,0.0,0.0
11,Colmar,48.0777517,7.3579641,2026-08-18 12:00:00,30.28,29.18,32,scattered clouds,2.36,0.0,0.0
11,Colmar,48.0777517,7.3579641,2026-08-18 15:00:00,30.72,29.63,32,overcast clouds,3.61,0.0,0.0
11,Colmar,48.0777517,7.3579641,2026-08-18 18:00:00,25.88,25.78,48,broken clouds,2.08,0.0,0.0
11,Colmar,48.0777517,7.3579641,2026-08-18 21:00:00,22.68,22.36,52,overcast clouds,2.5,0.0,0.0
11,Colmar,48.0777517,7.3579641,2026-08-19 00:00:00,21.42,21.03,54,overcast clouds,2.14,0.0,0.0
11,Colmar,48.0777517,7.3579641,2026-08-19 03:00:00,20.39,20.0,58,few clouds,2.04,0.0,0.0
11,Colmar,48.0777517,7.3579641,2026-08-19 06:00:00,22.11,21.81,55,clear sky,2.61,0.0,0.0
11,Colmar,48.0777517,7.3579641,2026-08-19 09:00:00,30.97,29.7,30,clear sky,4.73,0.0,0.0
11,Colmar,48.0777517,7.3579641,2026-08-19 12:00:00,33.07,31.46,25,clear sky,6.35,0.0,0.0
11,Colmar,48.0777517,7.3579641,2026-08-19 15:00:00,32.83,31.09,24,clear sky,6.66,0.0,0.0
11,Colmar,48.0777517,7.3579641,2026-08-19 18:00:00,27.18,27.0,40,clear sky,2.82,0.0,0.0
11,Colmar,48.0777517,7.3579641,2026-08-19 21:00:00,20.53,20.52,72,clear sky,1.92,0.0,0.0
11,Colmar,48.0777517,7.3579641,2026-08-20 00:00:00,16.88,17.03,92,clear sky,2.07,0.0,0.0
11,Colmar,48.0777517,7.3579641,2026-08-20 03:00:00,16.66,16.84,94,light rain,0.71,0.44,0.24
11,Colmar,48.0777517,7.3579641,2026-08-20 06:00:00,16.86,17.13,97,light rain,1.41,1.0,1.2
11,Colmar,48.0777517,7.3579641,2026-08-20 09:00:00,18.84,19.18,92,light rain,1.95,1.0,2.01
12,Eguisheim,48.0447968,7.3079618,2026-08-15 12:00:00,32.31,32.19,37,broken clouds,3.11,0.0,0.0
12,Eguisheim,48.0447968,7.3079618,2026-08-15 15:00:00,30.74,34.07,59,light rain,8.14,0.98,2.02
12,Eguisheim,48.0447968,7.3079618,2026-08-15 18:00:00,25.89,26.23,65,light rain,4.86,0.91,0.27
12,Eguisheim,48.0447968,7.3079618,2026-08-15 21:00:00,21.78,21.4,53,broken clouds,2.27,0.0,0.0
12,Eguisheim,48.0447968,7.3079618,2026-08-16 00:00:00,20.77,20.31,54,scattered clouds,2.26,0.0,0.0
12,Eguisheim,48.0447968,7.3079618,2026-08-16 03:00:00,19.17,18.6,56,broken clouds,2.19,0.0,0.0
12,Eguisheim,48.0447968,7.3079618,2026-08-16 06:00:00,22.4,22.21,58,broken clouds,0.67,0.0,0.0
12,Eguisheim,48.0447968,7.3079618,2026-08-16 09:00:00,28.54,29.19,51,light rain,1.8,0.56,0.34
12,Eguisheim,48.0447968,7.3079618,2026-08-16 12:00:00,32.25,31.23,31,light rain,1.23,0.3,0.22
12,Eguisheim,48.0447968,7.3079618,2026-08-16 15:00:00,33.25,33.15,35,overcast clouds,2.02,0.0,0.0
12,Eguisheim,48.0447968,7.3079618,2026-08-16 18:00:00,24.97,25.25,66,light rain,2.6,0.36,0.37
12,Eguisheim,48.0447968,7.3079618,2026-08-16 21:00:00,20.89,21.46,93,light rain,1.63,1.0,2.56
12,Eguisheim,48.0447968,7.3079618,2026-08-17 00:00:00,19.51,19.94,93,light rain,1.87,1.0,1.95
12,Eguisheim,48.0447968,7.3079618,2026-08-17 03:00:00,17.34,17.58,94,light rain,0.93,1.0,1.31
12,Eguisheim,48.0447968,7.3079618,2026-08-17 06:00:00,18.75,19.08,92,light rain,0.66,1.0,0.44
12,Eguisheim,48.0447968,7.3079618,2026-08-17 09:00:00,20.52,20.85,85,light rain,1.07,1.0,0.52
12,Eguisheim,48.0447968,7.3079618,2026-08-17 12:00:00,22.25,22.41,72,light rain,0.35,1.0,0.99
12,Eguisheim,48.0447968,7.3079618,2026-08-17 15:00:00,26.48,26.48,42,light rain,1.46,0.48,0.33
12,Eguisheim,48.0447968,7.3079618,2026-08-17 18:00:00,22.84,22.64,56,light rain,0.44,0.28,0.18
12,Eguisheim,48.0447968,7.3079618,2026-08-17 21:00:00,18.82,18.59,70,overcast clouds,1.94,0.0,0.0
12,Eguisheim,48.0447968,7.3079618,2026-08-18 00:00:00,17.79,17.45,70,broken clouds,1.61,0.0,0.0
12,Eguisheim,48.0447968,7.3079618,2026-08-18 03:00:00,17.65,17.25,68,scattered clouds,1.48,0.0,0.0
12,Eguisheim,48.0447968,7.3079618,2026-08-18 06:00:00,19.62,19.44,69,scattered clouds,0.44,0.0,0.0
12,Eguisheim,48.0447968,7.3079618,2026-08-18 09:00:00,25.81,25.62,45,scattered clouds,0.59,0.0,0.0
12,Eguisheim,48.0447968,7.3079618,2026-08-18 12:00:00,30.06,28.96,32,scattered clouds,2.48,0.0,0.0
12,Eguisheim,48.0447968,7.3079618,2026-08-18 15:00:00,30.39,29.29,32,overcast clouds,3.56,0.0,0.0
12,Eguisheim,48.0447968,7.3079618,2026-08-18 18:00:00,25.48,25.34,48,broken clouds,1.91,0.0,0.0
12,Eguisheim,48.0447968,7.3079618,2026-08-18 21:00:00,22.54,22.18,51,overcast clouds,2.47,0.0,0.0
12,Eguisheim,48.0447968,7.3079618,2026-08-19 00:00:00,21.31,20.91,54,overcast clouds,2.06,0.0,0.0
12,Eguisheim,48.0447968,7.3079618,2026-08-19 03:00:00,20.41,19.99,57,few clouds,1.98,0.0,0.0
12,Eguisheim,48.0447968,7.3079618,2026-08-19 06:00:00,21.92,21.6,55,clear sky,2.51,0.0,0.0
12,Eguisheim,48.0447968,7.3079618,2026-08-19 09:00:00,30.41,29.14,30,clear sky,4.61,0.0,0.0
12,Eguisheim,48.0447968,7.3079618,2026-08-19 12:00:00,32.69,31.04,25,clear sky,6.29,0.0,0.0
12,Eguisheim,48.0447968,7.3079618,2026-08-19 15:00:00,32.46,30.71,24,clear sky,6.6,0.0,0.0
12,Eguisheim,48.0447968,7.3079618,2026-08-19 18:00:00,27.01,26.82,39,clear sky,3.03,0.0,0.0
12,Eguisheim,48.0447968,7.3079618,2026-08-19 21:00:00,20.39,20.31,70,clear sky,1.9,0.0,0.0
12,Eguisheim,48.0447968,7.3079618,2026-08-20 00:00:00,16.66,16.78,92,clear sky,2.02,0.0,0.0
12,Eguisheim,48.0447968,7.3079618,2026-08-20 03:00:00,16.34,16.46,93,light rain,0.72,0.33,0.21
12,Eguisheim,48.0447968,7.3079618,2026-08-20 06:00:00,16.59,16.84,97,light rain,1.42,1.0,1.38
12,Eguisheim,48.0447968,7.3079618,2026-08-20 09:00:00,18.29,18.6,93,light rain,1.86,1.0,2.01
13,Besancon,47.2380222,6.0243622,2026-08-15 12:00:00,31.93,31.68,37,scattered clouds,2.24,0.0,0.0
13,Besancon,47.2380222,6.0243622,2026-08-15 15:00:00,32.01,30.33,25,few clouds,2.68,0.0,0.0
13,Besancon,47.2380222,6.0243622,2026-08-15 18:00:00,29.51,28.68,35,scattered clouds,2.39,0.0,0.0
13,Besancon,47.2380222,6.0243622,2026-08-15 21:00:00,23.97,23.57,44,overcast clouds,2.05,0.0,0.0
13,Besancon,47.2380222,6.0243622,2026-08-16 00:00:00,22.09,21.61,48,overcast clouds,1.35,0.0,0.0
13,Besancon,47.2380222,6.0243622,2026-08-16 03:00:00,19.03,18.4,54,overcast clouds,1.91,0.0,0.0
13,Besancon,47.2380222,6.0243622,2026-08-16 06:00:00,23.04,23.07,64,overcast clouds,2.54,0.0,0.0
13,Besancon,47.2380222,6.0243622,2026-08-16 09:00:00,29.17,29.4,46,overcast clouds,4.49,0.0,0.0
13,Besancon,47.2380222,6.0243622,2026-08-16 12:00:00,32.03,32.15,39,overcast clouds,4.31,0.0,0.0
13,Besancon,47.2380222,6.0243622,2026-08-16 15:00:00,31.17,31.44,42,overcast clouds,2.33,0.0,0.0
13,Besancon,47.2380222,6.0243622,2026-08-16 18:00:00,27.8,28.96,58,overcast clouds,0.91,0.0,0.0
13,Besancon,47.2380222,6.0243622,2026-08-16 21:00:00,21.62,22.0,83,light rain,2.0,1.0,0.56
13,Besancon,47.2380222,6.0243622,2026-08-17 00:00:00,17.98,18.29,94,overcast clouds,2.0,0.69,0.0
13,Besancon,47.2380222,6.0243622,2026-08-17 03:00:00,17.32,17.48,91,overcast clouds,1.6,0.0,0.0
13,Besancon,47.2380222,6.0243622,2026-08-17 06:00:00,17.61,17.93,96,light rain,1.67,0.39,0.62
13,Besancon,47.2380222,6.0243622,2026-08-17 09:00:00,22.74,23.03,75,light rain,2.15,0.64,0.47
13,Besancon,47.2380222,6.0243622,2026-08-17 12:00:00,26.6,26.6,63,light rain,1.13,0.9,2.27
13,Besancon,47.2380222,6.0243622,2026-08-17 15:00:00,22.56,22.86,76,light rain,2.63,0.93,1.32
13,Besancon,47.2380222,6.0243622,2026-08-17 18:00:00,22.88,23.05,70,overcast clouds,1.66,0.76,0.0
13,Besancon,47.2380222,6.0243622,2026-08-17 21:00:00,19.08,19.11,79,overcast clouds,1.33,0.0,0.0
13,Besancon,47.2380222,6.0243622,2026-08-18 00:00:00,18.11,18.09,81,broken clouds,1.56,0.0,0.0
13,Besancon,47.2380222,6.0243622,2026-08-18 03:00:00,16.79,16.67,82,few clouds,1.27,0.0,0.0
13,Besancon,47.2380222,6.0243622,2026-08-18 06:00:00,18.25,18.04,73,few clouds,1.48,0.0,0.0
13,Besancon,47.2380222,6.0243622,2026-08-18 09:00:00,25.49,25.14,40,scattered clouds,2.22,0.0,0.0
13,Besancon,47.2380222,6.0243622,2026-08-18 12:00:00,29.98,28.6,28,few clouds,2.83,0.0,0.0
13,Besancon,47.2380222,6.0243622,2026-08-18 15:00:00,31.27,29.75,27,broken clouds,2.88,0.0,0.0
13,Besancon,47.2380222,6.0243622,2026-08-18 18:00:00,25.52,25.33,46,scattered clouds,1.84,0.0,0.0
13,Besancon,47.2380222,6.0243622,2026-08-18 21:00:00,20.73,20.27,54,scattered clouds,1.73,0.0,0.0
13,Besancon,47.2380222,6.0243622,2026-08-19 00:00:00,19.65,19.11,55,scattered clouds,1.66,0.0,0.0
13,Besancon,47.2380222,6.0243622,2026-08-19 03:00:00,19.03,18.42,55,scattered clouds,1.52,0.0,0.0
13,Besancon,47.2380222,6.0243622,2026-08-19 06:00:00,20.34,19.89,56,few clouds,1.84,0.0,0.0
13,Besancon,47.2380222,6.0243622,2026-08-19 09:00:00,28.29,27.65,36,clear sky,5.29,0.0,0.0
13,Besancon,47.2380222,6.0243622,2026-08-19 12:00:00,32.74,31.0,24,clear sky,6.68,0.0,0.0
13,Besancon,47.2380222,6.0243622,2026-08-19 15:00:00,32.9,30.99,22,clear sky,5.81,0.0,0.0
13,Besancon,47.2380222,6.0243622,2026-08-19 18:00:00,27.8,27.09,33,clear sky,2.99,0.0,0.0
13,Besancon,47.2380222,6.0243622,2026-08-19 21:00:00,20.04,19.77,64,few clouds,1.85,0.0,0.0
13,Besancon,47.2380222,6.0243622,2026-08-20 00:00:00,17.23,17.18,83,scattered clouds,0.99,0.0,0.0
13,Besancon,47.2380222,6.0243622,2026-08-20 03:00:00,16.8,16.83,88,light rain,1.5,0.24,0.15
13,Besancon,47.2380222,6.0243622,2026-08-20 06:00:00,18.16,18.25,85,overcast clouds,0.84,0.05,0.0
13,Besancon,47.2380222,6.0243622,2026-08-20 09:00:00,20.6,20.6,72,light rain,2.48,0.2,0.18
14,Dijon,47.3215806,5.0414701,2026-08-15 12:00:00,30.85,29.87,33,broken clouds,1.56,0.0,0.0
14,Dijon,47.3215806,5.0414701,2026-08-15 15:00:00,33.21,31.23,21,broken clouds,3.2,0.0,0.0
14,Dijon,47.3215806,5.0414701,2026-08-15 18:00:00,31.44,29.36,17,broken clouds,2.83,0.0,0.0
14,Dijon,47.3215806,5.0414701,2026-08-15 21:00:00,25.58,24.92,28,overcast clouds,2.53,0.0,0.0
14,Dijon,47.3215806,5.0414701,2026-08-16 00:00:00,22.73,22.05,38,overcast clouds,1.01,0.0,0.0
14,Dijon,47.3215806,5.0414701,2026-08-16 03:00:00,20.46,20.0,55,overcast clouds,3.97,0.0,0.0
14,Dijon,47.3215806,5.0414701,2026-08-16 06:00:00,21.69,21.43,58,overcast clouds,1.79,0.0,0.0
14,Dijon,47.3215806,5.0414701,2026-08-16 09:00:00,27.2,27.81,53,light rain,2.67,0.81,0.58
14,Dijon,47.3215806,5.0414701,2026-08-16 12:00:00,29.13,32.09,65,light rain,3.48,0.63,0.27
14,Dijon,47.3215806,5.0414701,2026-08-16 15:00:00,30.98,31.03,41,light rain,2.9,0.2,0.12
14,Dijon,47.3215806,5.0414701,2026-08-16 18:00:00,27.33,28.43,59,light rain,3.61,0.75,1.11
14,Dijon,47.3215806,5.0414701,2026-08-16 21:00:00,21.21,21.42,78,moderate rain,3.12,1.0,3.75
14,Dijon,47.3215806,5.0414701,2026-08-17 00:00:00,18.74,18.84,83,light rain,1.49,1.0,0.27
14,Dijon,47.3215806,5.0414701,2026-08-17 03:00:00,17.98,18.13,88,overcast clouds,1.48,0.0,0.0
14,Dijon,47.3215806,5.0414701,2026-08-17 06:00:00,20.21,20.43,82,overcast clouds,0.16,0.0,0.0
14,Dijon,47.3215806,5.0414701,2026-08-17 09:00:00,26.19,26.19,54,light rain,0.88,0.31,0.17
14,Dijon,47.3215806,5.0414701,2026-08-17 12:00:00,29.8,29.06,36,overcast clouds,4.41,0.13,0.0
14,Dijon,47.3215806,5.0414701,2026-08-17 15:00:00,30.16,28.83,29,overcast clouds,4.49,0.0,0.0
14,Dijon,47.3215806,5.0414701,2026-08-17 18:00:00,27.74,26.87,29,overcast clouds,4.15,0.0,0.0
14,Dijon,47.3215806,5.0414701,2026-08-17 21:00:00,21.63,21.02,45,scattered clouds,2.53,0.0,0.0
14,Dijon,47.3215806,5.0414701,2026-08-18 00:00:00,19.79,19.13,50,scattered clouds,2.85,0.0,0.0
14,Dijon,47.3215806,5.0414701,2026-08-18 03:00:00,18.08,17.38,55,clear sky,2.72,0.0,0.0
14,Dijon,47.3215806,5.0414701,2026-08-18 06:00:00,19.79,19.23,54,clear sky,1.85,0.0,0.0
14,Dijon,47.3215806,5.0414701,2026-08-18 09:00:00,26.7,26.43,35,scattered clouds,2.68,0.0,0.0
14,Dijon,47.3215806,5.0414701,2026-08-18 12:00:00,30.57,28.94,25,scattered clouds,3.67,0.0,0.0
14,Dijon,47.3215806,5.0414701,2026-08-18 15:00:00,31.67,29.99,25,broken clouds,3.66,0.0,0.0
14,Dijon,47.3215806,5.0414701,2026-08-18 18:00:00,28.48,27.62,33,broken clouds,2.46,0.0,0.0
14,Dijon,47.3215806,5.0414701,2026-08-18 21:00:00,23.59,23.1,42,few clouds,2.32,0.0,0.0
14,Dijon,47.3215806,5.0414701,2026-08-19 00:00:00,21.45,20.93,49,scattered clouds,1.68,0.0,0.0
14,Dijon,47.3215806,5.0414701,2026-08-19 03:00:00,20.68,20.16,52,clear sky,2.16,0.0,0.0
14,Dijon,47.3215806,5.0414701,2026-08-19 06:00:00,22.2,21.76,49,clear sky,1.91,0.0,0.0
14,Dijon,47.3215806,5.0414701,2026-08-19 09:00:00,30.35,28.87,27,clear sky,6.25,0.0,0.0
14,Dijon,47.3215806,5.0414701,2026-08-19 12:00:00,31.99,30.15,23,clear sky,6.55,0.0,0.0
14,Dijon,47.3215806,5.0414701,2026-08-19 15:00:00,32.51,30.67,23,clear sky,5.93,0.0,0.0
14,Dijon,47.3215806,5.0414701,2026-08-19 18:00:00,29.27,28.1,30,clear sky,4.35,0.0,0.0
14,Dijon,47.3215806,5.0414701,2026-08-19 21:00:00,20.98,20.83,65,scattered clouds,4.57,0.0,0.0
14,Dijon,47.3215806,5.0414701,2026-08-20 00:00:00,18.38,18.23,75,broken clouds,1.22,0.0,0.0
14,Dijon,47.3215806,5.0414701,2026-08-20 03:00:00,18.36,18.24,76,light rain,1.44,0.24,0.12
14,Dijon,47.3215806,5.0414701,2026-08-20 06:00:00,17.85,17.91,85,light rain,1.58,0.74,0.72
14,Dijon,47.3215806,5.0414701,2026-08-20 09:00:00,23.11,23.1,62,light rain,4.12,0.55,0.33
15,Annecy,45.8992348,6.1288847,2026-08-15 12:00:00,30.85,29.97,34,overcast clouds,1.65,0.0,0.0
15,Annecy,45.8992348,6.1288847,2026-08-15 15:00:00,33.62,32.48,28,scattered clouds,1.2,0.0,0.0
15,Annecy,45.8992348,6.1288847,2026-08-15 18:00:00,33.49,39.3,56,scattered clouds,1.84,0.0,0.0
15,Annecy,45.8992348,6.1288847,2026-08-15 21:00:00,26.06,26.06,67,broken clouds,1.25,0.0,0.0
15,Annecy,45.8992348,6.1288847,2026-08-16 00:00:00,23.42,23.62,69,broken clouds,1.87,0.0,0.0
15,Annecy,45.8992348,6.1288847,2026-08-16 03:00:00,21.51,21.41,65,overcast clouds,2.02,0.0,0.0
15,Annecy,45.8992348,6.1288847,2026-08-16 06:00:00,21.27,21.23,68,broken clouds,1.37,0.0,0.0
15,Annecy,45.8992348,6.1288847,2026-08-16 09:00:00,28.56,28.8,47,scattered clouds,1.26,0.0,0.0
15,Annecy,45.8992348,6.1288847,2026-08-16 12:00:00,30.73,30.18,37,scattered clouds,2.29,0.0,0.0
15,Annecy,45.8992348,6.1288847,2026-08-16 15:00:00,31.77,33.5,48,broken clouds,2.65,0.18,0.0
15,Annecy,45.8992348,6.1288847,2026-08-16 18:00:00,30.57,37.57,80,light rain,1.93,0.33,0.4
15,Annecy,45.8992348,6.1288847,2026-08-16 21:00:00,24.1,25.15,99,moderate rain,1.79,1.0,4.54
15,Annecy,45.8992348,6.1288847,2026-08-17 00:00:00,21.9,22.68,97,light rain,1.13,1.0,1.6
15,Annecy,45.8992348,6.1288847,2026-08-17 03:00:00,17.41,17.71,96,overcast clouds,1.16,0.0,0.0
15,Annecy,45.8992348,6.1288847,2026-08-17 06:00:00,18.66,19.06,95,overcast clouds,1.01,0.0,0.0
15,Annecy,45.8992348,6.1288847,2026-08-17 09:00:00,24.11,24.48,73,light rain,1.05,0.73,0.76
15,Annecy,45.8992348,6.1288847,2026-08-17 12:00:00,25.97,25.97,64,light rain,0.85,1.0,1.56
15,Annecy,45.8992348,6.1288847,2026-08-17 15:00:00,27.95,27.98,45,light rain,1.67,0.2,0.13
15,Annecy,45.8992348,6.1288847,2026-08-17 18:00:00,23.78,23.75,59,overcast clouds,1.84,0.0,0.0
15,Annecy,45.8992348,6.1288847,2026-08-17 21:00:00,20.46,20.31,67,scattered clouds,1.44,0.0,0.0
15,Annecy,45.8992348,6.1288847,2026-08-18 00:00:00,18.19,18.0,74,scattered clouds,1.51,0.0,0.0
15,Annecy,45.8992348,6.1288847,2026-08-18 03:00:00,16.92,16.76,80,clear sky,1.29,0.0,0.0
15,Annecy,45.8992348,6.1288847,2026-08-18 06:00:00,19.0,18.91,75,clear sky,1.0,0.0,0.0
15,Annecy,45.8992348,6.1288847,2026-08-18 09:00:00,26.32,26.32,45,clear sky,1.49,0.0,0.0
15,Annecy,45.8992348,6.1288847,2026-08-18 12:00:00,30.16,29.06,32,scattered clouds,1.72,0.0,0.0
15,Annecy,45.8992348,6.1288847,2026-08-18 15:00:00,30.83,29.75,32,scattered clouds,1.14,0.0,0.0
15,Annecy,45.8992348,6.1288847,2026-08-18 18:00:00,24.27,24.27,58,scattered clouds,0.36,0.0,0.0
15,Annecy,45.8992348,6.1288847,2026-08-18 21:00:00,20.26,20.06,66,broken clouds,1.76,0.0,0.0
15,Annecy,45.8992348,6.1288847,2026-08-19 00:00:00,18.73,18.49,70,broken clouds,1.73,0.0,0.0
15,Annecy,45.8992348,6.1288847,2026-08-19 03:00:00,18.03,17.74,71,few clouds,1.58,0.0,0.0
15,Annecy,45.8992348,6.1288847,2026-08-19 06:00:00,20.02,19.88,69,clear sky,1.49,0.0,0.0
15,Annecy,45.8992348,6.1288847,2026-08-19 09:00:00,28.46,28.08,40,clear sky,1.85,0.0,0.0
15,Annecy,45.8992348,6.1288847,2026-08-19 12:00:00,32.13,30.85,29,clear sky,2.93,0.0,0.0
15,Annecy,45.8992348,6.1288847,2026-08-19 15:00:00,33.18,31.47,24,clear sky,2.77,0.0,0.0
15,Annecy,45.8992348,6.1288847,2026-08-19 18:00:00,26.55,26.55,46,few clouds,1.8,0.0,0.0
15,Annecy,45.8992348,6.1288847,2026-08-19 21:00:00,23.22,22.88,49,broken clouds,1.66,0.0,0.0
15,Annecy,45.8992348,6.1288847,2026-08-20 00:00:00,19.18,19.14,76,light rain,2.47,0.2,0.26
15,Annecy,45.8992348,6.1288847,2026-08-20 03:00:00,17.94,18.06,87,light rain,1.99,0.98,0.96
15,Annecy,45.8992348,6.1288847,2026-08-20 06:00:00,18.27,18.63,95,light rain,1.23,1.0,1.44
15,Annecy,45.8992348,6.1288847,2026-08-20 09:00:00,24.0,24.18,66,light rain,1.7,0.72,0.45
16,Grenoble,45.1875602,5.7357819,2026-08-15 12:00:00,32.77,33.42,40,overcast clouds,1.95,0.0,0.0
16,Grenoble,45.1875602,5.7357819,2026-08-15 15:00:00,36.27,36.33,29,scattered clouds,2.16,0.0,0.0
16,Grenoble,45.1875602,5.7357819,2026-08-15 18:00:00,33.36,38.64,55,scattered clouds,2.0,0.0,0.0
16,Grenoble,45.1875602,5.7357819,2026-08-15 21:00:00,27.24,30.61,83,light rain,2.58,0.5,0.42
16,Grenoble,45.1875602,5.7357819,2026-08-16 00:00:00,25.59,26.37,83,overcast clouds,1.75,0.24,0.0
16,Grenoble,45.1875602,5.7357819,2026-08-16 03:00:00,23.4,23.99,84,light rain,1.15,0.31,0.15
16,Grenoble,45.1875602,5.7357819,2026-08-16 06:00:00,25.9,26.58,78,scattered clouds,1.19,0.0,0.0
16,Grenoble,45.1875602,5.7357819,2026-08-16 09:00:00,31.26,31.91,44,broken clouds,1.13,0.03,0.0
16,Grenoble,45.1875602,5.7357819,2026-08-16 12:00:00,33.17,33.04,35,broken clouds,2.12,0.08,0.0
16,Grenoble,45.1875602,5.7357819,2026-08-16 15:00:00,33.84,40.84,73,light rain,3.21,0.83,2.1
16,Grenoble,45.1875602,5.7357819,2026-08-16 18:00:00,29.77,36.77,94,light rain,2.79,1.0,1.82
16,Grenoble,45.1875602,5.7357819,2026-08-16 21:00:00,25.28,26.4,97,moderate rain,1.49,1.0,4.34
16,Grenoble,45.1875602,5.7357819,2026-08-17 00:00:00,24.75,25.76,95,overcast clouds,1.71,0.8,0.0
16,Grenoble,45.1875602,5.7357819,2026-08-17 03:00:00,18.41,18.76,94,broken clouds,1.31,0.0,0.0
16,Grenoble,45.1875602,5.7357819,2026-08-17 06:00:00,19.87,20.29,91,broken clouds,0.86,0.0,0.0
16,Grenoble,45.1875602,5.7357819,2026-08-17 09:00:00,26.34,26.34,63,overcast clouds,2.02,0.0,0.0
16,Grenoble,45.1875602,5.7357819,2026-08-17 12:00:00,30.6,30.54,41,overcast clouds,3.13,0.0,0.0
16,Grenoble,45.1875602,5.7357819,2026-08-17 15:00:00,30.73,30.06,36,overcast clouds,3.55,0.0,0.0
16,Grenoble,45.1875602,5.7357819,2026-08-17 18:00:00,25.82,25.92,56,broken clouds,2.16,0.0,0.0
16,Grenoble,45.1875602,5.7357819,2026-08-17 21:00:00,22.96,23.01,65,broken clouds,1.98,0.0,0.0
16,Grenoble,45.1875602,5.7357819,2026-08-18 00:00:00,20.18,20.19,74,broken clouds,1.7,0.0,0.0
16,Grenoble,45.1875602,5.7357819,2026-08-18 03:00:00,19.5,19.49,76,clear sky,1.72,0.0,0.0
16,Grenoble,45.1875602,5.7357819,2026-08-18 06:00:00,21.05,21.09,72,clear sky,1.81,0.0,0.0
16,Grenoble,45.1875602,5.7357819,2026-08-18 09:00:00,28.24,27.81,39,clear sky,2.87,0.0,0.0
16,Grenoble,45.1875602,5.7357819,2026-08-18 12:00:00,31.32,30.28,32,clear sky,2.61,0.0,0.0
16,Grenoble,45.1875602,5.7357819,2026-08-18 15:00:00,31.9,30.94,32,clear sky,2.52,0.0,0.0
16,Grenoble,45.1875602,5.7357819,2026-08-18 18:00:00,26.03,26.03,54,scattered clouds,1.26,0.0,0.0
16,Grenoble,45.1875602,5.7357819,2026-08-18 21:00:00,21.23,21.11,65,broken clouds,1.31,0.0,0.0
16,Grenoble,45.1875602,5.7357819,2026-08-19 00:00:00,20.25,20.08,67,scattered clouds,1.77,0.0,0.0
16,Grenoble,45.1875602,5.7357819,2026-08-19 03:00:00,19.7,19.48,67,clear sky,1.73,0.0,0.0
16,Grenoble,45.1875602,5.7357819,2026-08-19 06:00:00,21.75,21.63,63,clear sky,1.59,0.0,0.0
16,Grenoble,45.1875602,5.7357819,2026-08-19 09:00:00,31.74,31.14,35,clear sky,0.95,0.0,0.0
16,Grenoble,45.1875602,5.7357819,2026-08-19 12:00:00,35.6,34.34,24,clear sky,1.93,0.0,0.0
16,Grenoble,45.1875602,5.7357819,2026-08-19 15:00:00,35.22,33.56,22,clear sky,1.32,0.0,0.0
16,Grenoble,45.1875602,5.7357819,2026-08-19 18:00:00,29.05,28.48,38,clear sky,1.57,0.0,0.0
16,Grenoble,45.1875602,5.7357819,2026-08-19 21:00:00,23.86,23.58,49,broken clouds,1.09,0.0,0.0
16,Grenoble,45.1875602,5.7357819,2026-08-20 00:00:00,21.23,21.37,75,light rain,2.61,0.4,0.38
16,Grenoble,45.1875602,5.7357819,2026-08-20 03:00:00,21.56,21.76,76,overcast clouds,1.77,0.12,0.0
16,Grenoble,45.1875602,5.7357819,2026-08-20 06:00:00,20.95,21.48,91,light rain,1.4,1.0,0.93
16,Grenoble,45.1875602,5.7357819,2026-08-20 09:00:00,28.72,29.3,50,broken clouds,1.02,0.03,0.0
17,Lyon,45.7578137,4.8320114,2026-08-15 12:00:00,32.46,32.23,36,broken clouds,1.73,0.0,0.0
17,Lyon,45.7578137,4.8320114,2026-08-15 15:00:00,35.36,34.2,25,broken clouds,2.65,0.0,0.0
17,Lyon,45.7578137,4.8320114,2026-08-15 18:00:00,35.71,34.48,24,broken clouds,1.74,0.0,0.0
17,Lyon,45.7578137,4.8320114,2026-08-15 21:00:00,31.91,31.98,39,overcast clouds,3.65,0.0,0.0
17,Lyon,45.7578137,4.8320114,2026-08-16 00:00:00,26.97,27.16,46,overcast clouds,1.93,0.0,0.0
17,Lyon,45.7578137,4.8320114,2026-08-16 03:00:00,24.02,23.99,58,light rain,1.71,0.2,0.16
17,Lyon,45.7578137,4.8320114,2026-08-16 06:00:00,25.16,25.09,52,overcast clouds,0.62,0.0,0.0
17,Lyon,45.7578137,4.8320114,2026-08-16 09:00:00,27.93,27.96,45,broken clouds,2.89,0.0,0.0
17,Lyon,45.7578137,4.8320114,2026-08-16 12:00:00,29.87,29.33,38,overcast clouds,3.65,0.0,0.0
17,Lyon,45.7578137,4.8320114,2026-08-16 15:00:00,32.95,32.56,34,broken clouds,5.34,0.0,0.0
17,Lyon,45.7578137,4.8320114,2026-08-16 18:00:00,27.84,29.43,62,light rain,4.78,0.27,0.11
17,Lyon,45.7578137,4.8320114,2026-08-16 21:00:00,25.56,26.23,79,light rain,1.56,1.0,1.27
17,Lyon,45.7578137,4.8320114,2026-08-17 00:00:00,22.99,23.36,77,overcast clouds,0.74,0.76,0.0
17,Lyon,45.7578137,4.8320114,2026-08-17 03:00:00,20.17,20.25,77,overcast clouds,0.47,0.0,0.0
17,Lyon,45.7578137,4.8320114,2026-08-17 06:00:00,20.86,20.93,74,overcast clouds,0.45,0.0,0.0
17,Lyon,45.7578137,4.8320114,2026-08-17 09:00:00,26.27,26.27,52,overcast clouds,1.64,0.0,0.0
17,Lyon,45.7578137,4.8320114,2026-08-17 12:00:00,32.01,30.95,31,overcast clouds,4.58,0.0,0.0
17,Lyon,45.7578137,4.8320114,2026-08-17 15:00:00,32.02,30.34,25,overcast clouds,5.59,0.0,0.0
17,Lyon,45.7578137,4.8320114,2026-08-17 18:00:00,29.86,28.32,25,overcast clouds,4.33,0.0,0.0
17,Lyon,45.7578137,4.8320114,2026-08-17 21:00:00,25.67,25.15,33,broken clouds,2.94,0.0,0.0
17,Lyon,45.7578137,4.8320114,2026-08-18 00:00:00,23.16,22.6,41,broken clouds,1.91,0.0,0.0
17,Lyon,45.7578137,4.8320114,2026-08-18 03:00:00,21.55,20.96,46,clear sky,1.25,0.0,0.0
17,Lyon,45.7578137,4.8320114,2026-08-18 06:00:00,21.79,21.23,46,clear sky,1.08,0.0,0.0
17,Lyon,45.7578137,4.8320114,2026-08-18 09:00:00,27.88,27.15,33,clear sky,2.56,0.0,0.0
17,Lyon,45.7578137,4.8320114,2026-08-18 12:00:00,32.07,30.39,25,few clouds,3.46,0.0,0.0
17,Lyon,45.7578137,4.8320114,2026-08-18 15:00:00,33.18,31.37,23,overcast clouds,3.27,0.0,0.0
17,Lyon,45.7578137,4.8320114,2026-08-18 18:00:00,30.84,29.4,28,broken clouds,1.93,0.0,0.0
17,Lyon,45.7578137,4.8320114,2026-08-18 21:00:00,26.02,26.02,37,scattered clouds,0.92,0.0,0.0
17,Lyon,45.7578137,4.8320114,2026-08-19 00:00:00,24.36,23.92,41,scattered clouds,0.86,0.0,0.0
17,Lyon,45.7578137,4.8320114,2026-08-19 03:00:00,22.71,22.24,46,clear sky,1.14,0.0,0.0
17,Lyon,45.7578137,4.8320114,2026-08-19 06:00:00,23.06,22.62,46,clear sky,1.28,0.0,0.0
17,Lyon,45.7578137,4.8320114,2026-08-19 09:00:00,31.11,29.76,29,clear sky,1.78,0.0,0.0
17,Lyon,45.7578137,4.8320114,2026-08-19 12:00:00,35.87,33.9,19,clear sky,2.18,0.0,0.0
17,Lyon,45.7578137,4.8320114,2026-08-19 15:00:00,37.58,34.99,13,clear sky,3.5,0.0,0.0
17,Lyon,45.7578137,4.8320114,2026-08-19 18:00:00,33.59,31.39,18,scattered clouds,3.89,0.0,0.0
17,Lyon,45.7578137,4.8320114,2026-08-19 21:00:00,27.3,27.14,41,overcast clouds,1.71,0.02,0.0
17,Lyon,45.7578137,4.8320114,2026-08-20 00:00:00,23.74,23.63,56,light rain,2.13,0.2,0.18
17,Lyon,45.7578137,4.8320114,2026-08-20 03:00:00,21.54,21.66,73,light rain,0.78,0.95,0.93
17,Lyon,45.7578137,4.8320114,2026-08-20 06:00:00,21.19,21.27,73,light rain,0.98,0.95,0.18
17,Lyon,45.7578137,4.8320114,2026-08-20 09:00:00,25.7,25.74,54,light rain,1.17,0.38,0.15
18,Gorges du Verdon,43.7496562,6.3285616,2026-08-15 12:00:00,27.36,27.14,40,few clouds,4.14,0.0,0.0
18,Gorges du Verdon,43.7496562,6.3285616,2026-08-15 15:00:00,27.54,27.22,39,broken clouds,2.54,0.0,0.0
18,Gorges du Verdon,43.7496562,6.3285616,2026-08-15 18:00:00,25.6,26.59,91,moderate rain,3.07,1.0,6.02
18,Gorges du Verdon,43.7496562,6.3285616,2026-08-15 21:00:00,20.46,20.86,88,overcast clouds,2.45,0.1,0.0
18,Gorges du Verdon,43.7496562,6.3285616,2026-08-16 00:00:00,18.27,18.11,75,overcast clouds,1.8,0.02,0.0
18,Gorges du Verdon,43.7496562,6.3285616,2026-08-16 03:00:00,17.81,17.37,66,overcast clouds,1.68,0.0,0.0
18,Gorges du Verdon,43.7496562,6.3285616,2026-08-16 06:00:00,19.93,19.57,61,broken clouds,1.74,0.0,0.0
18,Gorges du Verdon,43.7496562,6.3285616,2026-08-16 09:00:00,27.04,26.53,32,few clouds,2.1,0.0,0.0
18,Gorges du Verdon,43.7496562,6.3285616,2026-08-16 12:00:00,28.19,27.06,26,clear sky,3.9,0.0,0.0
18,Gorges du Verdon,43.7496562,6.3285616,2026-08-16 15:00:00,29.25,27.78,24,few clouds,4.23,0.0,0.0
18,Gorges du Verdon,43.7496562,6.3285616,2026-08-16 18:00:00,27.19,27.35,46,few clouds,2.89,0.0,0.0
18,Gorges du Verdon,43.7496562,6.3285616,2026-08-16 21:00:00,21.77,21.83,70,clear sky,2.56,0.23,0.0
18,Gorges du Verdon,43.7496562,6.3285616,2026-08-17 00:00:00,19.35,19.27,74,scattered clouds,2.52,0.09,0.0
18,Gorges du Verdon,43.7496562,6.3285616,2026-08-17 03:00:00,17.12,16.82,74,overcast clouds,2.54,0.0,0.0
18,Gorges du Verdon,43.7496562,6.3285616,2026-08-17 06:00:00,19.09,18.75,65,scattered clouds,1.79,0.0,0.0
18,Gorges du Verdon,43.7496562,6.3285616,2026-08-17 09:00:00,24.86,24.52,43,broken clouds,4.03,0.0,0.0
18,Gorges du Verdon,43.7496562,6.3285616,2026-08-17 12:00:00,28.41,27.45,31,broken clouds,5.09,0.0,0.0
18,Gorges du Verdon,43.7496562,6.3285616,2026-08-17 15:00:00,29.24,27.81,25,overcast clouds,8.38,0.0,0.0
18,Gorges du Verdon,43.7496562,6.3285616,2026-08-17 18:00:00,23.49,22.94,40,overcast clouds,5.98,0.0,0.0
18,Gorges du Verdon,43.7496562,6.3285616,2026-08-17 21:00:00,18.43,17.76,55,broken clouds,2.74,0.0,0.0
18,Gorges du Verdon,43.7496562,6.3285616,2026-08-18 00:00:00,17.94,17.3,58,broken clouds,2.36,0.0,0.0
18,Gorges du Verdon,43.7496562,6.3285616,2026-08-18 03:00:00,17.21,16.55,60,broken clouds,1.86,0.0,0.0
18,Gorges du Verdon,43.7496562,6.3285616,2026-08-18 06:00:00,20.23,19.64,51,scattered clouds,1.14,0.0,0.0
18,Gorges du Verdon,43.7496562,6.3285616,2026-08-18 09:00:00,27.28,27.07,40,clear sky,1.73,0.0,0.0
18,Gorges du Verdon,43.7496562,6.3285616,2026-08-18 12:00:00,28.43,27.7,35,few clouds,3.78,0.0,0.0
18,Gorges du Verdon,43.7496562,6.3285616,2026-08-18 15:00:00,26.98,27.11,45,broken clouds,4.57,0.0,0.0
18,Gorges du Verdon,43.7496562,6.3285616,2026-08-18 18:00:00,23.62,23.32,49,broken clouds,3.2,0.0,0.0
18,Gorges du Verdon,43.7496562,6.3285616,2026-08-18 21:00:00,18.57,18.26,68,clear sky,1.51,0.0,0.0
18,Gorges du Verdon,43.7496562,6.3285616,2026-08-19 00:00:00,18.01,17.64,68,clear sky,1.58,0.0,0.0
18,Gorges du Verdon,43.7496562,6.3285616,2026-08-19 03:00:00,17.79,17.32,65,clear sky,1.68,0.0,0.0
18,Gorges du Verdon,43.7496562,6.3285616,2026-08-19 06:00:00,20.34,19.89,56,clear sky,1.24,0.0,0.0
18,Gorges du Verdon,43.7496562,6.3285616,2026-08-19 09:00:00,28.07,27.19,31,clear sky,2.39,0.0,0.0
18,Gorges du Verdon,43.7496562,6.3285616,2026-08-19 12:00:00,31.3,29.44,22,clear sky,3.87,0.0,0.0
18,Gorges du Verdon,43.7496562,6.3285616,2026-08-19 15:00:00,31.34,29.42,21,clear sky,3.89,0.0,0.0
18,Gorges du Verdon,43.7496562,6.3285616,2026-08-19 18:00:00,23.62,23.55,58,clear sky,2.61,0.0,0.0
18,Gorges du Verdon,43.7496562,6.3285616,2026-08-19 21:00:00,19.6,19.52,73,scattered clouds,1.39,0.0,0.0
18,Gorges du Verdon,43.7496562,6.3285616,2026-08-20 00:00:00,19.03,18.79,69,broken clouds,1.6,0.0,0.0
18,Gorges du Verdon,43.7496562,6.3285616,2026-08-20 03:00:00,17.57,17.18,69,overcast clouds,0.74,0.0,0.0
18,Gorges du Verdon,43.7496562,6.3285616,2026-08-20 06:00:00,19.59,19.25,63,light rain,1.69,0.2,0.12
18,Gorges du Verdon,43.7496562,6.3285616,2026-08-20 09:00:00,23.4,23.15,52,overcast clouds,1.8,0.0,0.0
19,Bormes les Mimosas,43.1506968,6.3419285,2026-08-15 12:00:00,30.79,33.94,58,broken clouds,3.57,0.0,0.0
19,Bormes les Mimosas,43.1506968,6.3419285,2026-08-15 15:00:00,30.76,32.81,53,few clouds,4.73,0.0,0.0
19,Bormes les Mimosas,43.1506968,6.3419285,2026-08-15 18:00:00,29.67,31.85,58,light rain,1.68,0.2,0.27
19,Bormes les Mimosas,43.1506968,6.3419285,2026-08-15 21:00:00,25.61,25.98,67,scattered clouds,2.18,0.0,0.0
19,Bormes les Mimosas,43.1506968,6.3419285,2026-08-16 00:00:00,22.85,22.86,64,few clouds,1.8,0.0,0.0
19,Bormes les Mimosas,43.1506968,6.3419285,2026-08-16 03:00:00,21.85,21.81,66,clear sky,3.19,0.0,0.0
19,Bormes les Mimosas,43.1506968,6.3419285,2026-08-16 06:00:00,23.65,23.64,60,clear sky,1.63,0.0,0.0
19,Bormes les Mimosas,43.1506968,6.3419285,2026-08-16 09:00:00,30.34,30.92,46,clear sky,3.12,0.0,0.0
19,Bormes les Mimosas,43.1506968,6.3419285,2026-08-16 12:00:00,31.15,32.47,48,clear sky,6.05,0.0,0.0
19,Bormes les Mimosas,43.1506968,6.3419285,2026-08-16 15:00:00,31.56,32.74,46,clear sky,7.87,0.0,0.0
19,Bormes les Mimosas,43.1506968,6.3419285,2026-08-16 18:00:00,28.94,30.22,55,clear sky,6.2,0.0,0.0
19,Bormes les Mimosas,43.1506968,6.3419285,2026-08-16 21:00:00,25.24,25.36,59,clear sky,3.95,0.0,0.0
19,Bormes les Mimosas,43.1506968,6.3419285,2026-08-17 00:00:00,22.53,22.61,68,clear sky,4.58,0.0,0.0
19,Bormes les Mimosas,43.1506968,6.3419285,2026-08-17 03:00:00,23.37,23.69,74,clear sky,2.64,0.0,0.0
19,Bormes les Mimosas,43.1506968,6.3419285,2026-08-17 06:00:00,24.55,24.84,68,few clouds,2.38,0.0,0.0
19,Bormes les Mimosas,43.1506968,6.3419285,2026-08-17 09:00:00,29.39,29.55,45,scattered clouds,4.51,0.0,0.0
19,Bormes les Mimosas,43.1506968,6.3419285,2026-08-17 12:00:00,34.52,33.63,28,scattered clouds,7.76,0.0,0.0
19,Bormes les Mimosas,43.1506968,6.3419285,2026-08-17 15:00:00,34.3,33.02,26,overcast clouds,10.22,0.0,0.0
19,Bormes les Mimosas,43.1506968,6.3419285,2026-08-17 18:00:00,31.33,30.29,32,overcast clouds,9.88,0.0,0.0
19,Bormes les Mimosas,43.1506968,6.3419285,2026-08-17 21:00:00,29.21,28.47,36,broken clouds,8.62,0.0,0.0
19,Bormes les Mimosas,43.1506968,6.3419285,2026-08-18 00:00:00,26.99,26.86,40,scattered clouds,5.38,0.0,0.0
19,Bormes les Mimosas,43.1506968,6.3419285,2026-08-18 03:00:00,22.57,22.53,63,scattered clouds,2.45,0.0,0.0
19,Bormes les Mimosas,43.1506968,6.3419285,2026-08-18 06:00:00,23.97,23.88,56,scattered clouds,2.15,0.0,0.0
19,Bormes les Mimosas,43.1506968,6.3419285,2026-08-18 09:00:00,28.94,30.35,56,clear sky,1.49,0.0,0.0
19,Bormes les Mimosas,43.1506968,6.3419285,2026-08-18 12:00:00,28.76,30.22,57,clear sky,4.3,0.0,0.0
19,Bormes les Mimosas,43.1506968,6.3419285,2026-08-18 15:00:00,28.4,29.12,52,clear sky,3.44,0.0,0.0
19,Bormes les Mimosas,43.1506968,6.3419285,2026-08-18 18:00:00,26.41,26.41,62,clear sky,2.32,0.0,0.0
19,Bormes les Mimosas,43.1506968,6.3419285,2026-08-18 21:00:00,24.46,24.82,71,clear sky,2.02,0.0,0.0
19,Bormes les Mimosas,43.1506968,6.3419285,2026-08-19 00:00:00,23.8,24.19,75,clear sky,1.41,0.0,0.0
19,Bormes les Mimosas,43.1506968,6.3419285,2026-08-19 03:00:00,22.75,23.01,74,clear sky,1.04,0.0,0.0
19,Bormes les Mimosas,43.1506968,6.3419285,2026-08-19 06:00:00,23.85,24.01,66,clear sky,2.18,0.0,0.0
19,Bormes les Mimosas,43.1506968,6.3419285,2026-08-19 09:00:00,30.22,30.75,46,clear sky,1.47,0.0,0.0
19,Bormes les Mimosas,43.1506968,6.3419285,2026-08-19 12:00:00,29.63,31.28,55,clear sky,4.94,0.0,0.0
19,Bormes les Mimosas,43.1506968,6.3419285,2026-08-19 15:00:00,30.33,31.22,48,clear sky,6.4,0.0,0.0
19,Bormes les Mimosas,43.1506968,6.3419285,2026-08-19 18:00:00,27.22,28.7,64,clear sky,5.15,0.0,0.0
19,Bormes les Mimosas,43.1506968,6.3419285,2026-08-19 21:00:00,24.64,25.22,79,clear sky,3.56,0.0,0.0
19,Bormes les Mimosas,43.1506968,6.3419285,2026-08-20 00:00:00,24.54,25.09,78,scattered clouds,2.65,0.0,0.0
19,Bormes les Mimosas,43.1506968,6.3419285,2026-08-20 03:00:00,23.38,23.86,80,overcast clouds,0.5,0.0,0.0
19,Bormes les Mimosas,43.1506968,6.3419285,2026-08-20 06:00:00,24.6,25.15,78,overcast clouds,1.28,0.0,0.0
19,Bormes les Mimosas,43.1506968,6.3419285,2026-08-20 09:00:00,24.95,25.62,81,overcast clouds,1.34,0.05,0.0
20,Cassis,43.2140359,5.5396318,2026-08-15 12:00:00,32.67,36.77,54,broken clouds,3.34,0.0,0.0
20,Cassis,43.2140359,5.5396318,2026-08-15 15:00:00,32.94,37.68,55,broken clouds,3.48,0.0,0.0
20,Cassis,43.2140359,5.5396318,2026-08-15 18:00:00,29.25,32.33,65,scattered clouds,1.79,0.0,0.0
20,Cassis,43.2140359,5.5396318,2026-08-15 21:00:00,27.66,29.26,63,clear sky,0.49,0.05,0.0
20,Cassis,43.2140359,5.5396318,2026-08-16 00:00:00,24.11,24.17,61,clear sky,1.99,0.0,0.0
20,Cassis,43.2140359,5.5396318,2026-08-16 03:00:00,23.44,23.77,74,clear sky,2.28,0.0,0.0
20,Cassis,43.2140359,5.5396318,2026-08-16 06:00:00,26.34,26.34,63,clear sky,0.37,0.0,0.0
20,Cassis,43.2140359,5.5396318,2026-08-16 09:00:00,30.21,33.67,62,clear sky,3.09,0.0,0.0
20,Cassis,43.2140359,5.5396318,2026-08-16 12:00:00,32.4,38.03,60,clear sky,4.32,0.0,0.0
20,Cassis,43.2140359,5.5396318,2026-08-16 15:00:00,32.21,37.26,59,clear sky,3.95,0.0,0.0
20,Cassis,43.2140359,5.5396318,2026-08-16 18:00:00,28.3,29.9,60,clear sky,2.59,0.0,0.0
20,Cassis,43.2140359,5.5396318,2026-08-16 21:00:00,26.25,26.25,69,few clouds,3.1,0.0,0.0
20,Cassis,43.2140359,5.5396318,2026-08-17 00:00:00,23.52,23.86,74,few clouds,1.57,0.0,0.0
20,Cassis,43.2140359,5.5396318,2026-08-17 03:00:00,25.86,26.33,70,few clouds,4.49,0.0,0.0
20,Cassis,43.2140359,5.5396318,2026-08-17 06:00:00,24.94,25.11,62,few clouds,5.47,0.0,0.0
20,Cassis,43.2140359,5.5396318,2026-08-17 09:00:00,28.14,28.61,50,broken clouds,9.54,0.0,0.0
20,Cassis,43.2140359,5.5396318,2026-08-17 12:00:00,31.37,31.4,40,scattered clouds,11.05,0.0,0.0
20,Cassis,43.2140359,5.5396318,2026-08-17 15:00:00,31.73,32.62,44,broken clouds,7.86,0.0,0.0
20,Cassis,43.2140359,5.5396318,2026-08-17 18:00:00,32.15,31.51,34,broken clouds,8.78,0.0,0.0
20,Cassis,43.2140359,5.5396318,2026-08-17 21:00:00,30.22,29.3,34,overcast clouds,11.52,0.0,0.0
20,Cassis,43.2140359,5.5396318,2026-08-18 00:00:00,28.67,27.98,36,broken clouds,11.32,0.0,0.0
20,Cassis,43.2140359,5.5396318,2026-08-18 03:00:00,27.28,27.13,41,scattered clouds,8.46,0.0,0.0
20,Cassis,43.2140359,5.5396318,2026-08-18 06:00:00,26.26,26.26,44,few clouds,5.81,0.0,0.0
20,Cassis,43.2140359,5.5396318,2026-08-18 09:00:00,29.26,28.97,41,clear sky,3.31,0.0,0.0
20,Cassis,43.2140359,5.5396318,2026-08-18 12:00:00,29.37,28.99,40,clear sky,3.26,0.0,0.0
20,Cassis,43.2140359,5.5396318,2026-08-18 15:00:00,28.97,30.54,57,clear sky,5.05,0.0,0.0
20,Cassis,43.2140359,5.5396318,2026-08-18 18:00:00,27.97,29.09,57,clear sky,2.69,0.0,0.0
20,Cassis,43.2140359,5.5396318,2026-08-18 21:00:00,27.2,28.34,60,clear sky,2.26,0.0,0.0
20,Cassis,43.2140359,5.5396318,2026-08-19 00:00:00,26.45,26.45,69,clear sky,1.35,0.0,0.0
20,Cassis,43.2140359,5.5396318,2026-08-19 03:00:00,26.59,26.59,57,clear sky,2.35,0.0,0.0
20,Cassis,43.2140359,5.5396318,2026-08-19 06:00:00,26.83,27.49,54,clear sky,1.83,0.0,0.0
20,Cassis,43.2140359,5.5396318,2026-08-19 09:00:00,29.07,29.51,48,clear sky,1.6,0.0,0.0
20,Cassis,43.2140359,5.5396318,2026-08-19 12:00:00,29.6,30.33,49,clear sky,3.35,0.0,0.0
20,Cassis,43.2140359,5.5396318,2026-08-19 15:00:00,29.01,30.46,56,clear sky,3.66,0.0,0.0
20,Cassis,43.2140359,5.5396318,2026-08-19 18:00:00,27.18,29.35,72,clear sky,3.06,0.0,0.0
20,Cassis,43.2140359,5.5396318,2026-08-19 21:00:00,26.27,26.27,75,broken clouds,0.81,0.0,0.0
20,Cassis,43.2140359,5.5396318,2026-08-20 00:00:00,26.27,26.27,74,broken clouds,1.78,0.0,0.0
20,Cassis,43.2140359,5.5396318,2026-08-20 03:00:00,26.13,26.13,72,broken clouds,2.76,0.0,0.0
20,Cassis,43.2140359,5.5396318,2026-08-20 06:00:00,26.18,26.18,69,broken clouds,2.6,0.0,0.0
20,Cassis,43.2140359,5.5396318,2026-08-20 09:00:00,27.88,30.69,72,light rain,3.63,0.2,0.18
21,Marseille,43.2963986,5.3777888,2026-08-15 12:00:00,33.36,37.97,53,overcast clouds,3.46,0.0,0.0
21,Marseille,43.2963986,5.3777888,2026-08-15 15:00:00,33.49,39.3,56,broken clouds,4.23,0.0,0.0
21,Marseille,43.2963986,5.3777888,2026-08-15 18:00:00,29.24,32.31,65,scattered clouds,3.37,0.0,0.0
21,Marseille,43.2963986,5.3777888,2026-08-15 21:00:00,27.99,29.44,60,clear sky,1.15,0.0,0.0
21,Marseille,43.2963986,5.3777888,2026-08-16 00:00:00,23.75,23.8,62,clear sky,2.72,0.0,0.0
21,Marseille,43.2963986,5.3777888,2026-08-16 03:00:00,22.85,23.02,70,clear sky,1.66,0.0,0.0
21,Marseille,43.2963986,5.3777888,2026-08-16 06:00:00,25.9,26.24,65,clear sky,0.59,0.0,0.0
21,Marseille,43.2963986,5.3777888,2026-08-16 09:00:00,30.65,34.59,62,clear sky,2.84,0.0,0.0
21,Marseille,43.2963986,5.3777888,2026-08-16 12:00:00,33.46,40.46,60,clear sky,4.38,0.0,0.0
21,Marseille,43.2963986,5.3777888,2026-08-16 15:00:00,32.67,38.35,59,clear sky,4.72,0.0,0.0
21,Marseille,43.2963986,5.3777888,2026-08-16 18:00:00,28.22,29.78,60,clear sky,3.02,0.0,0.0
21,Marseille,43.2963986,5.3777888,2026-08-16 21:00:00,26.43,26.43,68,few clouds,2.89,0.0,0.0
21,Marseille,43.2963986,5.3777888,2026-08-17 00:00:00,23.12,23.32,70,scattered clouds,1.36,0.0,0.0
21,Marseille,43.2963986,5.3777888,2026-08-17 03:00:00,27.05,28.45,64,scattered clouds,5.11,0.0,0.0
21,Marseille,43.2963986,5.3777888,2026-08-17 06:00:00,25.38,25.62,63,few clouds,6.52,0.0,0.0
21,Marseille,43.2963986,5.3777888,2026-08-17 09:00:00,28.89,29.29,48,broken clouds,9.94,0.0,0.0
21,Marseille,43.2963986,5.3777888,2026-08-17 12:00:00,32.25,32.28,38,broken clouds,10.51,0.0,0.0
21,Marseille,43.2963986,5.3777888,2026-08-17 15:00:00,32.44,33.53,43,broken clouds,6.29,0.0,0.0
21,Marseille,43.2963986,5.3777888,2026-08-17 18:00:00,33.43,32.7,31,broken clouds,8.94,0.0,0.0
21,Marseille,43.2963986,5.3777888,2026-08-17 21:00:00,31.3,30.48,34,overcast clouds,10.56,0.0,0.0
21,Marseille,43.2963986,5.3777888,2026-08-18 00:00:00,29.7,28.86,35,overcast clouds,11.83,0.0,0.0
21,Marseille,43.2963986,5.3777888,2026-08-18 03:00:00,28.21,27.85,40,scattered clouds,10.0,0.0,0.0
21,Marseille,43.2963986,5.3777888,2026-08-18 06:00:00,27.07,27.02,42,few clouds,7.44,0.0,0.0
21,Marseille,43.2963986,5.3777888,2026-08-18 09:00:00,29.13,28.83,41,clear sky,4.76,0.0,0.0
21,Marseille,43.2963986,5.3777888,2026-08-18 12:00:00,30.77,30.23,37,clear sky,3.74,0.0,0.0
21,Marseille,43.2963986,5.3777888,2026-08-18 15:00:00,29.28,31.19,58,clear sky,6.51,0.0,0.0
21,Marseille,43.2963986,5.3777888,2026-08-18 18:00:00,28.93,30.34,56,clear sky,4.03,0.0,0.0
21,Marseille,43.2963986,5.3777888,2026-08-18 21:00:00,28.81,30.29,57,clear sky,3.11,0.0,0.0
21,Marseille,43.2963986,5.3777888,2026-08-19 00:00:00,27.96,30.33,68,clear sky,1.92,0.0,0.0
21,Marseille,43.2963986,5.3777888,2026-08-19 03:00:00,27.89,29.18,59,clear sky,1.96,0.0,0.0
21,Marseille,43.2963986,5.3777888,2026-08-19 06:00:00,27.9,28.61,53,clear sky,0.98,0.0,0.0
21,Marseille,43.2963986,5.3777888,2026-08-19 09:00:00,29.6,30.06,47,clear sky,1.73,0.0,0.0
21,Marseille,43.2963986,5.3777888,2026-08-19 12:00:00,30.38,31.45,49,clear sky,3.78,0.0,0.0
21,Marseille,43.2963986,5.3777888,2026-08-19 15:00:00,29.93,32.32,58,clear sky,3.98,0.0,0.0
21,Marseille,43.2963986,5.3777888,2026-08-19 18:00:00,28.48,31.62,70,clear sky,4.02,0.0,0.0
21,Marseille,43.2963986,5.3777888,2026-08-19 21:00:00,28.02,30.71,70,broken clouds,1.53,0.0,0.0
21,Marseille,43.2963986,5.3777888,2026-08-20 00:00:00,27.73,30.52,73,broken clouds,2.51,0.0,0.0
21,Marseille,43.2963986,5.3777888,2026-08-20 03:00:00,27.56,30.18,73,broken clouds,2.86,0.0,0.0
21,Marseille,43.2963986,5.3777888,2026-08-20 06:00:00,27.25,29.38,71,overcast clouds,2.89,0.0,0.0
21,Marseille,43.2963986,5.3777888,2026-08-20 09:00:00,28.47,31.45,69,light rain,2.88,0.2,0.15
22,Aix en Provence,43.5298424,5.4474738,2026-08-15 12:00:00,31.74,31.58,38,broken clouds,4.13,0.0,0.0
22,Aix en Provence,43.5298424,5.4474738,2026-08-15 15:00:00,32.71,32.24,34,overcast clouds,4.85,0.0,0.0
22,Aix en Provence,43.5298424,5.4474738,2026-08-15 18:00:00,27.96,27.77,42,broken clouds,3.28,0.0,0.0
22,Aix en Provence,43.5298424,5.4474738,2026-08-15 21:00:00,26.1,26.1,47,broken clouds,3.41,0.13,0.0
22,Aix en Provence,43.5298424,5.4474738,2026-08-16 00:00:00,20.72,20.23,53,scattered clouds,2.8,0.03,0.0
22,Aix en Provence,43.5298424,5.4474738,2026-08-16 03:00:00,20.21,19.77,57,clear sky,0.7,0.0,0.0
22,Aix en Provence,43.5298424,5.4474738,2026-08-16 06:00:00,23.56,23.38,54,clear sky,1.36,0.0,0.0
22,Aix en Provence,43.5298424,5.4474738,2026-08-16 09:00:00,30.54,29.96,37,clear sky,2.46,0.0,0.0
22,Aix en Provence,43.5298424,5.4474738,2026-08-16 12:00:00,33.33,33.08,34,clear sky,4.41,0.0,0.0
22,Aix en Provence,43.5298424,5.4474738,2026-08-16 15:00:00,32.86,32.61,35,clear sky,6.09,0.0,0.0
22,Aix en Provence,43.5298424,5.4474738,2026-08-16 18:00:00,26.81,26.82,42,clear sky,4.24,0.0,0.0
22,Aix en Provence,43.5298424,5.4474738,2026-08-16 21:00:00,24.65,24.74,60,few clouds,2.09,0.0,0.0
22,Aix en Provence,43.5298424,5.4474738,2026-08-17 00:00:00,20.38,20.14,64,few clouds,1.16,0.0,0.0
22,Aix en Provence,43.5298424,5.4474738,2026-08-17 03:00:00,25.4,25.61,62,scattered clouds,2.02,0.0,0.0
22,Aix en Provence,43.5298424,5.4474738,2026-08-17 06:00:00,24.27,24.35,61,few clouds,2.68,0.0,0.0
22,Aix en Provence,43.5298424,5.4474738,2026-08-17 09:00:00,29.36,28.88,39,broken clouds,5.93,0.0,0.0
22,Aix en Provence,43.5298424,5.4474738,2026-08-17 12:00:00,33.77,32.25,25,broken clouds,10.76,0.0,0.0
22,Aix en Provence,43.5298424,5.4474738,2026-08-17 15:00:00,34.54,32.77,22,overcast clouds,9.51,0.0,0.0
22,Aix en Provence,43.5298424,5.4474738,2026-08-17 18:00:00,32.43,30.76,25,overcast clouds,8.51,0.0,0.0
22,Aix en Provence,43.5298424,5.4474738,2026-08-17 21:00:00,29.7,28.29,27,overcast clouds,8.35,0.0,0.0
22,Aix en Provence,43.5298424,5.4474738,2026-08-18 00:00:00,27.73,26.82,28,overcast clouds,7.6,0.0,0.0
22,Aix en Provence,43.5298424,5.4474738,2026-08-18 03:00:00,26.03,26.03,33,broken clouds,4.12,0.0,0.0
22,Aix en Provence,43.5298424,5.4474738,2026-08-18 06:00:00,24.74,24.21,36,scattered clouds,2.21,0.0,0.0
22,Aix en Provence,43.5298424,5.4474738,2026-08-18 09:00:00,30.25,28.91,29,clear sky,2.04,0.0,0.0
22,Aix en Provence,43.5298424,5.4474738,2026-08-18 12:00:00,34.2,32.63,24,clear sky,4.49,0.0,0.0
22,Aix en Provence,43.5298424,5.4474738,2026-08-18 15:00:00,33.57,32.28,27,clear sky,6.46,0.0,0.0
22,Aix en Provence,43.5298424,5.4474738,2026-08-18 18:00:00,31.0,30.03,33,clear sky,3.1,0.0,0.0
22,Aix en Provence,43.5298424,5.4474738,2026-08-18 21:00:00,29.1,28.62,39,clear sky,1.74,0.0,0.0
22,Aix en Provence,43.5298424,5.4474738,2026-08-19 00:00:00,27.06,27.29,47,clear sky,1.67,0.0,0.0
22,Aix en Provence,43.5298424,5.4474738,2026-08-19 03:00:00,25.29,25.21,51,clear sky,1.98,0.0,0.0
22,Aix en Provence,43.5298424,5.4474738,2026-08-19 06:00:00,25.44,25.32,49,clear sky,1.82,0.0,0.0
22,Aix en Provence,43.5298424,5.4474738,2026-08-19 09:00:00,31.88,30.68,30,clear sky,1.57,0.0,0.0
22,Aix en Provence,43.5298424,5.4474738,2026-08-19 12:00:00,35.22,33.42,21,clear sky,4.34,0.0,0.0
22,Aix en Provence,43.5298424,5.4474738,2026-08-19 15:00:00,34.21,33.22,28,clear sky,4.85,0.0,0.0
22,Aix en Provence,43.5298424,5.4474738,2026-08-19 18:00:00,31.03,30.41,36,clear sky,3.51,0.0,0.0
22,Aix en Provence,43.5298424,5.4474738,2026-08-19 21:00:00,28.59,29.25,51,overcast clouds,2.47,0.0,0.0
22,Aix en Provence,43.5298424,5.4474738,2026-08-20 00:00:00,27.59,28.33,54,overcast clouds,1.62,0.0,0.0
22,Aix en Provence,43.5298424,5.4474738,2026-08-20 03:00:00,25.52,25.72,61,overcast clouds,1.91,0.0,0.0
22,Aix en Provence,43.5298424,5.4474738,2026-08-20 06:00:00,24.94,25.11,62,light rain,1.73,0.2,0.24
22,Aix en Provence,43.5298424,5.4474738,2026-08-20 09:00:00,29.84,29.86,43,light rain,0.49,0.2,0.15
23,Avignon,43.9492493,4.8059012,2026-08-15 12:00:00,32.23,32.61,40,overcast clouds,2.47,0.0,0.0
23,Avignon,43.9492493,4.8059012,2026-08-15 15:00:00,33.9,33.7,33,broken clouds,8.74,0.0,0.0
23,Avignon,43.9492493,4.8059012,2026-08-15 18:00:00,31.37,31.25,39,light rain,4.3,0.27,0.3
23,Avignon,43.9492493,4.8059012,2026-08-15 21:00:00,27.56,28.21,53,broken clouds,2.28,0.24,0.0
23,Avignon,43.9492493,4.8059012,2026-08-16 00:00:00,24.14,24.49,72,scattered clouds,2.14,0.0,0.0
23,Avignon,43.9492493,4.8059012,2026-08-16 03:00:00,22.11,22.18,69,scattered clouds,1.49,0.0,0.0
23,Avignon,43.9492493,4.8059012,2026-08-16 06:00:00,24.49,24.56,60,few clouds,1.19,0.0,0.0
23,Avignon,43.9492493,4.8059012,2026-08-16 09:00:00,28.07,27.73,40,clear sky,1.27,0.0,0.0
23,Avignon,43.9492493,4.8059012,2026-08-16 12:00:00,34.46,32.93,24,clear sky,1.92,0.0,0.0
23,Avignon,43.9492493,4.8059012,2026-08-16 15:00:00,34.4,33.31,27,scattered clouds,8.82,0.0,0.0
23,Avignon,43.9492493,4.8059012,2026-08-16 18:00:00,28.64,28.33,41,light rain,4.46,0.26,0.14
23,Avignon,43.9492493,4.8059012,2026-08-16 21:00:00,25.37,25.82,71,light rain,2.82,0.53,0.44
23,Avignon,43.9492493,4.8059012,2026-08-17 00:00:00,22.96,23.19,72,scattered clouds,3.29,0.19,0.0
23,Avignon,43.9492493,4.8059012,2026-08-17 03:00:00,21.17,21.25,73,broken clouds,3.64,0.0,0.0
23,Avignon,43.9492493,4.8059012,2026-08-17 06:00:00,22.32,22.3,65,scattered clouds,3.92,0.0,0.0
23,Avignon,43.9492493,4.8059012,2026-08-17 09:00:00,30.29,29.57,36,overcast clouds,7.22,0.0,0.0
23,Avignon,43.9492493,4.8059012,2026-08-17 12:00:00,35.28,34.1,25,overcast clouds,7.75,0.0,0.0
23,Avignon,43.9492493,4.8059012,2026-08-17 15:00:00,36.87,35.06,19,overcast clouds,8.23,0.0,0.0
23,Avignon,43.9492493,4.8059012,2026-08-17 18:00:00,33.38,31.69,24,overcast clouds,8.61,0.0,0.0
23,Avignon,43.9492493,4.8059012,2026-08-17 21:00:00,29.49,28.17,28,broken clouds,6.97,0.0,0.0
23,Avignon,43.9492493,4.8059012,2026-08-18 00:00:00,25.69,25.2,34,scattered clouds,5.29,0.0,0.0
23,Avignon,43.9492493,4.8059012,2026-08-18 03:00:00,24.01,23.43,37,scattered clouds,5.72,0.0,0.0
23,Avignon,43.9492493,4.8059012,2026-08-18 06:00:00,24.72,24.21,37,few clouds,6.59,0.0,0.0
23,Avignon,43.9492493,4.8059012,2026-08-18 09:00:00,31.3,29.7,26,clear sky,10.11,0.0,0.0
23,Avignon,43.9492493,4.8059012,2026-08-18 12:00:00,35.99,33.91,18,clear sky,8.75,0.0,0.0
23,Avignon,43.9492493,4.8059012,2026-08-18 15:00:00,37.32,35.27,17,clear sky,7.81,0.0,0.0
23,Avignon,43.9492493,4.8059012,2026-08-18 18:00:00,34.87,32.9,20,clear sky,5.75,0.0,0.0
23,Avignon,43.9492493,4.8059012,2026-08-18 21:00:00,27.94,27.05,30,clear sky,2.15,0.0,0.0
23,Avignon,43.9492493,4.8059012,2026-08-19 00:00:00,25.1,24.63,37,clear sky,1.93,0.0,0.0
23,Avignon,43.9492493,4.8059012,2026-08-19 03:00:00,23.03,22.56,45,clear sky,1.67,0.0,0.0
23,Avignon,43.9492493,4.8059012,2026-08-19 06:00:00,24.06,23.62,42,clear sky,1.52,0.0,0.0
23,Avignon,43.9492493,4.8059012,2026-08-19 09:00:00,33.23,31.53,24,clear sky,0.75,0.0,0.0
23,Avignon,43.9492493,4.8059012,2026-08-19 12:00:00,39.05,36.9,15,clear sky,2.85,0.0,0.0
23,Avignon,43.9492493,4.8059012,2026-08-19 15:00:00,39.55,37.48,15,clear sky,4.9,0.0,0.0
23,Avignon,43.9492493,4.8059012,2026-08-19 18:00:00,31.89,30.69,30,clear sky,5.36,0.0,0.0
23,Avignon,43.9492493,4.8059012,2026-08-19 21:00:00,26.68,27.57,58,broken clouds,2.59,0.0,0.0
23,Avignon,43.9492493,4.8059012,2026-08-20 00:00:00,26.23,26.23,58,overcast clouds,2.48,0.0,0.0
23,Avignon,43.9492493,4.8059012,2026-08-20 03:00:00,24.73,25.01,67,overcast clouds,2.22,0.0,0.0
23,Avignon,43.9492493,4.8059012,2026-08-20 06:00:00,25.64,25.77,58,overcast clouds,1.62,0.0,0.0
23,Avignon,43.9492493,4.8059012,2026-08-20 09:00:00,31.57,31.84,41,clear sky,0.04,0.0,0.0
24,Uzes,44.0121279,4.4196718,2026-08-15 12:00:00,32.16,32.7,41,broken clouds,3.66,0.0,0.0
24,Uzes,44.0121279,4.4196718,2026-08-15 15:00:00,33.64,32.98,31,broken clouds,8.03,0.0,0.0
24,Uzes,44.0121279,4.4196718,2026-08-15 18:00:00,30.06,31.3,51,light rain,1.9,0.37,0.48
24,Uzes,44.0121279,4.4196718,2026-08-15 21:00:00,26.44,26.44,74,light rain,1.75,0.28,0.25
24,Uzes,44.0121279,4.4196718,2026-08-16 00:00:00,24.17,24.63,76,broken clouds,1.91,0.0,0.0
24,Uzes,44.0121279,4.4196718,2026-08-16 03:00:00,21.63,21.83,76,overcast clouds,1.87,0.0,0.0
24,Uzes,44.0121279,4.4196718,2026-08-16 06:00:00,23.18,23.43,72,broken clouds,1.53,0.0,0.0
24,Uzes,44.0121279,4.4196718,2026-08-16 09:00:00,28.34,27.97,40,broken clouds,0.55,0.0,0.0
24,Uzes,44.0121279,4.4196718,2026-08-16 12:00:00,33.66,32.53,28,broken clouds,3.12,0.0,0.0
24,Uzes,44.0121279,4.4196718,2026-08-16 15:00:00,34.15,32.7,25,overcast clouds,6.61,0.0,0.0
24,Uzes,44.0121279,4.4196718,2026-08-16 18:00:00,28.44,28.39,44,light rain,4.35,0.34,0.24
24,Uzes,44.0121279,4.4196718,2026-08-16 21:00:00,24.42,24.93,77,light rain,4.47,0.69,0.34
24,Uzes,44.0121279,4.4196718,2026-08-17 00:00:00,22.82,23.22,79,broken clouds,2.61,0.0,0.0
24,Uzes,44.0121279,4.4196718,2026-08-17 03:00:00,19.58,19.58,76,scattered clouds,2.81,0.0,0.0
24,Uzes,44.0121279,4.4196718,2026-08-17 06:00:00,21.38,21.24,64,scattered clouds,2.17,0.0,0.0
24,Uzes,44.0121279,4.4196718,2026-08-17 09:00:00,31.22,30.28,33,broken clouds,3.77,0.0,0.0
24,Uzes,44.0121279,4.4196718,2026-08-17 12:00:00,36.04,34.39,21,broken clouds,7.13,0.0,0.0
24,Uzes,44.0121279,4.4196718,2026-08-17 15:00:00,36.09,34.3,20,overcast clouds,8.76,0.0,0.0
24,Uzes,44.0121279,4.4196718,2026-08-17 18:00:00,32.3,30.72,26,overcast clouds,7.17,0.0,0.0
24,Uzes,44.0121279,4.4196718,2026-08-17 21:00:00,26.1,26.1,38,broken clouds,4.12,0.0,0.0
24,Uzes,44.0121279,4.4196718,2026-08-18 00:00:00,23.26,22.71,41,broken clouds,3.65,0.0,0.0
24,Uzes,44.0121279,4.4196718,2026-08-18 03:00:00,22.03,21.41,43,few clouds,3.48,0.0,0.0
24,Uzes,44.0121279,4.4196718,2026-08-18 06:00:00,23.42,22.89,41,few clouds,3.37,0.0,0.0
24,Uzes,44.0121279,4.4196718,2026-08-18 09:00:00,32.13,30.29,23,clear sky,7.66,0.0,0.0
24,Uzes,44.0121279,4.4196718,2026-08-18 12:00:00,35.79,33.68,18,clear sky,7.05,0.0,0.0
24,Uzes,44.0121279,4.4196718,2026-08-18 15:00:00,37.31,35.42,18,clear sky,5.28,0.0,0.0
24,Uzes,44.0121279,4.4196718,2026-08-18 18:00:00,33.81,32.06,23,clear sky,5.68,0.0,0.0
24,Uzes,44.0121279,4.4196718,2026-08-18 21:00:00,26.59,26.59,35,clear sky,2.53,0.0,0.0
24,Uzes,44.0121279,4.4196718,2026-08-19 00:00:00,24.34,23.95,43,clear sky,2.76,0.0,0.0
24,Uzes,44.0121279,4.4196718,2026-08-19 03:00:00,22.4,21.92,47,clear sky,1.62,0.0,0.0
24,Uzes,44.0121279,4.4196718,2026-08-19 06:00:00,24.06,23.62,42,clear sky,1.33,0.0,0.0
24,Uzes,44.0121279,4.4196718,2026-08-19 09:00:00,32.9,31.27,25,clear sky,2.05,0.0,0.0
24,Uzes,44.0121279,4.4196718,2026-08-19 12:00:00,37.6,35.59,17,clear sky,2.4,0.0,0.0
24,Uzes,44.0121279,4.4196718,2026-08-19 15:00:00,39.38,37.5,16,clear sky,6.55,0.0,0.0
24,Uzes,44.0121279,4.4196718,2026-08-19 18:00:00,30.94,29.86,32,clear sky,5.64,0.0,0.0
24,Uzes,44.0121279,4.4196718,2026-08-19 21:00:00,25.45,25.64,61,overcast clouds,2.55,0.1,0.0
24,Uzes,44.0121279,4.4196718,2026-08-20 00:00:00,24.09,24.36,69,overcast clouds,0.84,0.0,0.0
24,Uzes,44.0121279,4.4196718,2026-08-20 03:00:00,23.08,23.27,70,overcast clouds,2.7,0.0,0.0
24,Uzes,44.0121279,4.4196718,2026-08-20 06:00:00,23.97,24.12,65,overcast clouds,1.85,0.0,0.0
24,Uzes,44.0121279,4.4196718,2026-08-20 09:00:00,30.78,31.55,46,scattered clouds,1.22,0.0,0.0
25,Nimes,43.8374249,4.3600687,2026-08-15 12:00:00,32.92,32.87,36,broken clouds,5.34,0.0,0.0
25,Nimes,43.8374249,4.3600687,2026-08-15 15:00:00,33.93,33.03,29,broken clouds,7.04,0.0,0.0
25,Nimes,43.8374249,4.3600687,2026-08-15 18:00:00,29.92,29.6,40,light rain,4.19,0.2,0.13
25,Nimes,43.8374249,4.3600687,2026-08-15 21:00:00,26.9,28.17,63,broken clouds,1.69,0.02,0.0
25,Nimes,43.8374249,4.3600687,2026-08-16 00:00:00,24.24,24.55,70,scattered clouds,1.2,0.0,0.0
25,Nimes,43.8374249,4.3600687,2026-08-16 03:00:00,22.07,22.13,69,broken clouds,2.74,0.0,0.0
25,Nimes,43.8374249,4.3600687,2026-08-16 06:00:00,23.49,23.59,65,broken clouds,1.67,0.0,0.0
25,Nimes,43.8374249,4.3600687,2026-08-16 09:00:00,29.15,28.76,40,few clouds,0.93,0.0,0.0
25,Nimes,43.8374249,4.3600687,2026-08-16 12:00:00,34.15,32.7,25,scattered clouds,4.08,0.0,0.0
25,Nimes,43.8374249,4.3600687,2026-08-16 15:00:00,33.92,32.7,27,overcast clouds,6.83,0.0,0.0
25,Nimes,43.8374249,4.3600687,2026-08-16 18:00:00,29.04,29.25,46,broken clouds,4.19,0.0,0.0
25,Nimes,43.8374249,4.3600687,2026-08-16 21:00:00,25.15,25.44,66,light rain,4.71,0.67,0.41
25,Nimes,43.8374249,4.3600687,2026-08-17 00:00:00,23.15,23.32,69,scattered clouds,2.24,0.13,0.0
25,Nimes,43.8374249,4.3600687,2026-08-17 03:00:00,21.73,21.68,66,broken clouds,2.85,0.0,0.0
25,Nimes,43.8374249,4.3600687,2026-08-17 06:00:00,22.9,22.76,58,broken clouds,2.35,0.0,0.0
25,Nimes,43.8374249,4.3600687,2026-08-17 09:00:00,31.72,30.73,32,scattered clouds,3.89,0.0,0.0
25,Nimes,43.8374249,4.3600687,2026-08-17 12:00:00,37.72,35.91,18,broken clouds,7.44,0.0,0.0
25,Nimes,43.8374249,4.3600687,2026-08-17 15:00:00,37.68,35.68,17,overcast clouds,8.26,0.0,0.0
25,Nimes,43.8374249,4.3600687,2026-08-17 18:00:00,33.89,32.15,23,overcast clouds,7.29,0.0,0.0
25,Nimes,43.8374249,4.3600687,2026-08-17 21:00:00,28.73,27.77,32,broken clouds,4.92,0.0,0.0
25,Nimes,43.8374249,4.3600687,2026-08-18 00:00:00,26.07,26.07,34,scattered clouds,4.7,0.0,0.0
25,Nimes,43.8374249,4.3600687,2026-08-18 03:00:00,24.62,24.08,36,few clouds,4.26,0.0,0.0
25,Nimes,43.8374249,4.3600687,2026-08-18 06:00:00,25.2,24.69,35,few clouds,4.5,0.0,0.0
25,Nimes,43.8374249,4.3600687,2026-08-18 09:00:00,32.84,30.85,21,clear sky,6.62,0.0,0.0
25,Nimes,43.8374249,4.3600687,2026-08-18 12:00:00,36.98,34.74,16,clear sky,6.12,0.0,0.0
25,Nimes,43.8374249,4.3600687,2026-08-18 15:00:00,38.86,36.5,14,clear sky,4.97,0.0,0.0
25,Nimes,43.8374249,4.3600687,2026-08-18 18:00:00,35.55,33.31,17,clear sky,2.26,0.0,0.0
25,Nimes,43.8374249,4.3600687,2026-08-18 21:00:00,28.81,27.66,29,clear sky,2.21,0.0,0.0
25,Nimes,43.8374249,4.3600687,2026-08-19 00:00:00,26.36,26.36,37,clear sky,2.46,0.0,0.0
25,Nimes,43.8374249,4.3600687,2026-08-19 03:00:00,24.44,24.01,41,clear sky,1.77,0.0,0.0
25,Nimes,43.8374249,4.3600687,2026-08-19 06:00:00,25.31,24.91,39,clear sky,1.73,0.0,0.0
25,Nimes,43.8374249,4.3600687,2026-08-19 09:00:00,33.41,31.62,23,clear sky,2.07,0.0,0.0
25,Nimes,43.8374249,4.3600687,2026-08-19 12:00:00,38.65,36.45,15,clear sky,3.67,0.0,0.0
25,Nimes,43.8374249,4.3600687,2026-08-19 15:00:00,37.48,35.62,18,clear sky,6.94,0.0,0.0
25,Nimes,43.8374249,4.3600687,2026-08-19 18:00:00,30.0,29.47,38,clear sky,5.39,0.0,0.0
25,Nimes,43.8374249,4.3600687,2026-08-19 21:00:00,26.15,26.15,61,overcast clouds,2.47,0.0,0.0
25,Nimes,43.8374249,4.3600687,2026-08-20 00:00:00,25.14,25.64,74,overcast clouds,2.08,0.0,0.0
25,Nimes,43.8374249,4.3600687,2026-08-20 03:00:00,24.65,25.16,76,overcast clouds,3.53,0.0,0.0
25,Nimes,43.8374249,4.3600687,2026-08-20 06:00:00,25.09,25.48,70,overcast clouds,1.98,0.0,0.0
25,Nimes,43.8374249,4.3600687,2026-08-20 09:00:00,31.12,32.42,48,scattered clouds,0.33,0.0,0.0
26,Aigues Mortes,43.5661521,4.19154,2026-08-15 12:00:00,31.09,36.66,66,broken clouds,4.44,0.0,0.0
26,Aigues Mortes,43.5661521,4.19154,2026-08-15 15:00:00,32.05,38.46,64,broken clouds,5.7,0.0,0.0
26,Aigues Mortes,43.5661521,4.19154,2026-08-15 18:00:00,29.76,32.38,60,scattered clouds,3.48,0.0,0.0
26,Aigues Mortes,43.5661521,4.19154,2026-08-15 21:00:00,26.85,28.61,70,overcast clouds,2.73,0.0,0.0
26,Aigues Mortes,43.5661521,4.19154,2026-08-16 00:00:00,24.15,24.4,68,broken clouds,3.03,0.0,0.0
26,Aigues Mortes,43.5661521,4.19154,2026-08-16 03:00:00,22.27,22.51,75,overcast clouds,3.78,0.0,0.0
26,Aigues Mortes,43.5661521,4.19154,2026-08-16 06:00:00,23.28,23.54,72,broken clouds,2.22,0.0,0.0
26,Aigues Mortes,43.5661521,4.19154,2026-08-16 09:00:00,29.44,30.68,53,clear sky,0.91,0.0,0.0
26,Aigues Mortes,43.5661521,4.19154,2026-08-16 12:00:00,32.97,38.4,57,few clouds,4.67,0.0,0.0
26,Aigues Mortes,43.5661521,4.19154,2026-08-16 15:00:00,32.26,36.77,57,scattered clouds,6.26,0.0,0.0
26,Aigues Mortes,43.5661521,4.19154,2026-08-16 18:00:00,29.77,34.26,69,scattered clouds,8.86,0.0,0.0
26,Aigues Mortes,43.5661521,4.19154,2026-08-16 21:00:00,25.45,25.83,68,scattered clouds,3.99,0.0,0.0
26,Aigues Mortes,43.5661521,4.19154,2026-08-17 00:00:00,23.67,23.79,65,scattered clouds,3.12,0.0,0.0
26,Aigues Mortes,43.5661521,4.19154,2026-08-17 03:00:00,24.18,24.3,63,few clouds,3.1,0.0,0.0
26,Aigues Mortes,43.5661521,4.19154,2026-08-17 06:00:00,24.18,24.22,60,scattered clouds,2.83,0.0,0.0
26,Aigues Mortes,43.5661521,4.19154,2026-08-17 09:00:00,29.04,29.14,45,few clouds,1.43,0.0,0.0
26,Aigues Mortes,43.5661521,4.19154,2026-08-17 12:00:00,32.84,33.53,40,broken clouds,3.39,0.0,0.0
26,Aigues Mortes,43.5661521,4.19154,2026-08-17 15:00:00,34.83,34.64,31,overcast clouds,9.54,0.0,0.0
26,Aigues Mortes,43.5661521,4.19154,2026-08-17 18:00:00,32.49,32.44,37,overcast clouds,7.04,0.0,0.0
26,Aigues Mortes,43.5661521,4.19154,2026-08-17 21:00:00,28.63,28.78,46,broken clouds,4.89,0.0,0.0
26,Aigues Mortes,43.5661521,4.19154,2026-08-18 00:00:00,27.31,27.52,47,broken clouds,5.46,0.0,0.0
26,Aigues Mortes,43.5661521,4.19154,2026-08-18 03:00:00,26.42,26.42,49,broken clouds,5.24,0.0,0.0
26,Aigues Mortes,43.5661521,4.19154,2026-08-18 06:00:00,26.3,26.3,48,scattered clouds,5.65,0.0,0.0
26,Aigues Mortes,43.5661521,4.19154,2026-08-18 09:00:00,31.0,30.14,34,clear sky,4.96,0.0,0.0
26,Aigues Mortes,43.5661521,4.19154,2026-08-18 12:00:00,32.61,32.61,37,clear sky,2.65,0.0,0.0
26,Aigues Mortes,43.5661521,4.19154,2026-08-18 15:00:00,31.73,32.62,44,clear sky,5.42,0.0,0.0
26,Aigues Mortes,43.5661521,4.19154,2026-08-18 18:00:00,30.32,32.44,55,clear sky,3.3,0.0,0.0
26,Aigues Mortes,43.5661521,4.19154,2026-08-18 21:00:00,29.04,29.25,46,clear sky,4.39,0.0,0.0
26,Aigues Mortes,43.5661521,4.19154,2026-08-19 00:00:00,27.22,27.37,46,clear sky,2.23,0.0,0.0
26,Aigues Mortes,43.5661521,4.19154,2026-08-19 03:00:00,25.91,25.84,49,clear sky,2.55,0.0,0.0
26,Aigues Mortes,43.5661521,4.19154,2026-08-19 06:00:00,25.59,25.43,47,clear sky,2.34,0.0,0.0
26,Aigues Mortes,43.5661521,4.19154,2026-08-19 09:00:00,29.58,29.12,39,clear sky,1.76,0.0,0.0
26,Aigues Mortes,43.5661521,4.19154,2026-08-19 12:00:00,30.32,30.6,44,clear sky,5.18,0.0,0.0
26,Aigues Mortes,43.5661521,4.19154,2026-08-19 15:00:00,29.53,30.81,53,clear sky,5.4,0.0,0.0
26,Aigues Mortes,43.5661521,4.19154,2026-08-19 18:00:00,27.69,29.63,66,few clouds,4.71,0.0,0.0
26,Aigues Mortes,43.5661521,4.19154,2026-08-19 21:00:00,26.6,26.6,76,overcast clouds,3.25,0.0,0.0
26,Aigues Mortes,43.5661521,4.19154,2026-08-20 00:00:00,26.38,26.38,84,overcast clouds,2.74,0.0,0.0
26,Aigues Mortes,43.5661521,4.19154,2026-08-20 03:00:00,25.34,26.25,89,overcast clouds,4.46,0.0,0.0
26,Aigues Mortes,43.5661521,4.19154,2026-08-20 06:00:00,25.31,26.06,83,broken clouds,3.54,0.0,0.0
26,Aigues Mortes,43.5661521,4.19154,2026-08-20 09:00:00,28.77,31.09,63,few clouds,0.33,0.0,0.0
27,Saintes Maries de la mer,43.4515922,4.4277202,2026-08-15 12:00:00,28.4,31.16,68,few clouds,4.34,0.0,0.0
27,Saintes Maries de la mer,43.4515922,4.4277202,2026-08-15 15:00:00,28.62,32.08,71,scattered clouds,5.9,0.0,0.0
27,Saintes Maries de la mer,43.4515922,4.4277202,2026-08-15 18:00:00,27.2,29.78,76,scattered clouds,3.84,0.0,0.0
27,Saintes Maries de la mer,43.4515922,4.4277202,2026-08-15 21:00:00,26.74,28.94,77,overcast clouds,4.53,0.0,0.0
27,Saintes Maries de la mer,43.4515922,4.4277202,2026-08-16 00:00:00,25.21,25.8,77,broken clouds,3.56,0.0,0.0
27,Saintes Maries de la mer,43.4515922,4.4277202,2026-08-16 03:00:00,23.66,24.14,79,scattered clouds,3.88,0.0,0.0
27,Saintes Maries de la mer,43.4515922,4.4277202,2026-08-16 06:00:00,24.06,24.35,70,few clouds,0.51,0.0,0.0
27,Saintes Maries de la mer,43.4515922,4.4277202,2026-08-16 09:00:00,27.78,29.44,63,few clouds,1.25,0.0,0.0
27,Saintes Maries de la mer,43.4515922,4.4277202,2026-08-16 12:00:00,26.86,28.62,70,clear sky,4.99,0.0,0.0
27,Saintes Maries de la mer,43.4515922,4.4277202,2026-08-16 15:00:00,28.19,30.1,63,clear sky,6.11,0.0,0.0
27,Saintes Maries de la mer,43.4515922,4.4277202,2026-08-16 18:00:00,26.88,29.3,78,few clouds,7.65,0.0,0.0
27,Saintes Maries de la mer,43.4515922,4.4277202,2026-08-16 21:00:00,24.84,25.26,72,scattered clouds,4.11,0.03,0.0
27,Saintes Maries de la mer,43.4515922,4.4277202,2026-08-17 00:00:00,23.87,24.19,72,scattered clouds,5.67,0.0,0.0
27,Saintes Maries de la mer,43.4515922,4.4277202,2026-08-17 03:00:00,24.24,24.52,69,scattered clouds,2.94,0.0,0.0
27,Saintes Maries de la mer,43.4515922,4.4277202,2026-08-17 06:00:00,23.87,23.96,63,scattered clouds,4.35,0.0,0.0
27,Saintes Maries de la mer,43.4515922,4.4277202,2026-08-17 09:00:00,28.17,28.84,52,clear sky,3.12,0.0,0.0
27,Saintes Maries de la mer,43.4515922,4.4277202,2026-08-17 12:00:00,30.18,31.48,51,scattered clouds,5.96,0.0,0.0
27,Saintes Maries de la mer,43.4515922,4.4277202,2026-08-17 15:00:00,33.1,34.39,42,overcast clouds,6.85,0.0,0.0
27,Saintes Maries de la mer,43.4515922,4.4277202,2026-08-17 18:00:00,31.58,32.39,44,overcast clouds,6.91,0.0,0.0
27,Saintes Maries de la mer,43.4515922,4.4277202,2026-08-17 21:00:00,28.17,28.74,51,broken clouds,4.96,0.0,0.0
27,Saintes Maries de la mer,43.4515922,4.4277202,2026-08-18 00:00:00,26.79,27.28,51,scattered clouds,6.37,0.0,0.0
27,Saintes Maries de la mer,43.4515922,4.4277202,2026-08-18 03:00:00,25.99,25.99,52,scattered clouds,7.36,0.0,0.0
27,Saintes Maries de la mer,43.4515922,4.4277202,2026-08-18 06:00:00,25.96,25.96,53,few clouds,7.26,0.0,0.0
27,Saintes Maries de la mer,43.4515922,4.4277202,2026-08-18 09:00:00,30.18,30.02,41,clear sky,6.75,0.0,0.0
27,Saintes Maries de la mer,43.4515922,4.4277202,2026-08-18 12:00:00,31.43,31.98,43,clear sky,3.58,0.0,0.0
27,Saintes Maries de la mer,43.4515922,4.4277202,2026-08-18 15:00:00,31.18,32.52,48,clear sky,6.86,0.0,0.0
27,Saintes Maries de la mer,43.4515922,4.4277202,2026-08-18 18:00:00,28.31,30.7,66,clear sky,4.12,0.0,0.0
27,Saintes Maries de la mer,43.4515922,4.4277202,2026-08-18 21:00:00,28.83,30.06,55,clear sky,3.41,0.0,0.0
27,Saintes Maries de la mer,43.4515922,4.4277202,2026-08-19 00:00:00,26.98,27.65,54,clear sky,3.02,0.0,0.0
27,Saintes Maries de la mer,43.4515922,4.4277202,2026-08-19 03:00:00,25.71,25.64,50,clear sky,4.01,0.0,0.0
27,Saintes Maries de la mer,43.4515922,4.4277202,2026-08-19 06:00:00,25.03,24.89,50,clear sky,3.85,0.0,0.0
27,Saintes Maries de la mer,43.4515922,4.4277202,2026-08-19 09:00:00,29.17,29.52,47,clear sky,0.58,0.0,0.0
27,Saintes Maries de la mer,43.4515922,4.4277202,2026-08-19 12:00:00,28.16,28.45,48,clear sky,4.94,0.0,0.0
27,Saintes Maries de la mer,43.4515922,4.4277202,2026-08-19 15:00:00,27.94,29.36,60,clear sky,5.45,0.0,0.0
27,Saintes Maries de la mer,43.4515922,4.4277202,2026-08-19 18:00:00,27.22,29.52,73,few clouds,4.8,0.0,0.0
27,Saintes Maries de la mer,43.4515922,4.4277202,2026-08-19 21:00:00,26.62,26.62,81,overcast clouds,2.71,0.0,0.0
27,Saintes Maries de la mer,43.4515922,4.4277202,2026-08-20 00:00:00,26.83,29.98,87,overcast clouds,4.08,0.0,0.0
27,Saintes Maries de la mer,43.4515922,4.4277202,2026-08-20 03:00:00,25.85,26.81,89,overcast clouds,3.02,0.0,0.0
27,Saintes Maries de la mer,43.4515922,4.4277202,2026-08-20 06:00:00,26.14,26.14,87,broken clouds,2.18,0.0,0.0
27,Saintes Maries de la mer,43.4515922,4.4277202,2026-08-20 09:00:00,27.64,30.58,75,few clouds,1.64,0.0,0.0
28,Collioure,42.52505,3.0831554,2026-08-15 12:00:00,33.29,36.29,48,scattered clouds,3.54,0.0,0.0
28,Collioure,42.52505,3.0831554,2026-08-15 15:00:00,33.53,35.38,43,light rain,2.12,0.39,0.16
28,Collioure,42.52505,3.0831554,2026-08-15 18:00:00,26.76,27.91,62,light rain,2.12,0.3,0.37
28,Collioure,42.52505,3.0831554,2026-08-15 21:00:00,24.2,24.43,67,broken clouds,1.13,0.0,0.0
28,Collioure,42.52505,3.0831554,2026-08-16 00:00:00,23.75,23.8,62,broken clouds,1.95,0.0,0.0
28,Collioure,42.52505,3.0831554,2026-08-16 03:00:00,23.47,23.36,57,scattered clouds,1.43,0.0,0.0
28,Collioure,42.52505,3.0831554,2026-08-16 06:00:00,23.64,23.6,59,scattered clouds,2.18,0.0,0.0
28,Collioure,42.52505,3.0831554,2026-08-16 09:00:00,30.08,30.28,44,clear sky,1.14,0.0,0.0
28,Collioure,42.52505,3.0831554,2026-08-16 12:00:00,31.74,32.44,43,scattered clouds,2.62,0.0,0.0
28,Collioure,42.52505,3.0831554,2026-08-16 15:00:00,29.62,30.95,53,light rain,2.98,0.85,0.44
28,Collioure,42.52505,3.0831554,2026-08-16 18:00:00,27.32,28.93,65,light rain,2.65,0.58,0.14
28,Collioure,42.52505,3.0831554,2026-08-16 21:00:00,26.7,27.9,63,overcast clouds,4.15,0.07,0.0
28,Collioure,42.52505,3.0831554,2026-08-17 00:00:00,24.58,24.92,70,light rain,3.14,0.25,0.23
28,Collioure,42.52505,3.0831554,2026-08-17 03:00:00,23.61,23.85,70,overcast clouds,3.58,0.0,0.0
28,Collioure,42.52505,3.0831554,2026-08-17 06:00:00,24.24,24.39,64,overcast clouds,2.94,0.0,0.0
28,Collioure,42.52505,3.0831554,2026-08-17 09:00:00,30.87,31.35,44,few clouds,3.82,0.0,0.0
28,Collioure,42.52505,3.0831554,2026-08-17 12:00:00,33.62,34.32,38,scattered clouds,7.19,0.0,0.0
28,Collioure,42.52505,3.0831554,2026-08-17 15:00:00,34.04,34.32,35,overcast clouds,7.16,0.0,0.0
28,Collioure,42.52505,3.0831554,2026-08-17 18:00:00,31.87,32.09,40,overcast clouds,6.82,0.0,0.0
28,Collioure,42.52505,3.0831554,2026-08-17 21:00:00,29.45,29.62,45,overcast clouds,5.82,0.0,0.0
28,Collioure,42.52505,3.0831554,2026-08-18 00:00:00,27.67,28.09,50,overcast clouds,5.14,0.0,0.0
28,Collioure,42.52505,3.0831554,2026-08-18 03:00:00,25.67,25.75,56,clear sky,5.77,0.0,0.0
28,Collioure,42.52505,3.0831554,2026-08-18 06:00:00,24.19,24.31,63,clear sky,4.34,0.0,0.0
28,Collioure,42.52505,3.0831554,2026-08-18 09:00:00,30.74,30.86,42,clear sky,5.38,0.0,0.0
28,Collioure,42.52505,3.0831554,2026-08-18 12:00:00,33.56,33.22,33,clear sky,5.29,0.0,0.0
28,Collioure,42.52505,3.0831554,2026-08-18 15:00:00,34.74,34.11,29,clear sky,4.88,0.0,0.0
28,Collioure,42.52505,3.0831554,2026-08-18 18:00:00,31.82,31.39,36,clear sky,1.82,0.0,0.0
28,Collioure,42.52505,3.0831554,2026-08-18 21:00:00,27.25,27.59,49,clear sky,2.9,0.0,0.0
28,Collioure,42.52505,3.0831554,2026-08-19 00:00:00,26.83,27.04,46,clear sky,2.66,0.0,0.0
28,Collioure,42.52505,3.0831554,2026-08-19 03:00:00,26.42,26.42,46,clear sky,1.56,0.0,0.0
28,Collioure,42.52505,3.0831554,2026-08-19 06:00:00,26.51,26.51,51,clear sky,1.62,0.0,0.0
28,Collioure,42.52505,3.0831554,2026-08-19 09:00:00,32.26,31.96,36,clear sky,1.86,0.0,0.0
28,Collioure,42.52505,3.0831554,2026-08-19 12:00:00,33.76,33.89,35,clear sky,4.08,0.0,0.0
28,Collioure,42.52505,3.0831554,2026-08-19 15:00:00,33.45,33.44,35,clear sky,5.06,0.0,0.0
28,Collioure,42.52505,3.0831554,2026-08-19 18:00:00,29.68,31.7,57,scattered clouds,1.66,0.07,0.0
28,Collioure,42.52505,3.0831554,2026-08-19 21:00:00,26.12,26.12,62,light rain,2.12,0.4,0.21
28,Collioure,42.52505,3.0831554,2026-08-20 00:00:00,25.33,25.62,65,overcast clouds,2.8,0.17,0.0
28,Collioure,42.52505,3.0831554,2026-08-20 03:00:00,25.3,25.53,63,overcast clouds,2.9,0.0,0.0
28,Collioure,42.52505,3.0831554,2026-08-20 06:00:00,24.16,24.41,68,overcast clouds,3.2,0.0,0.0
28,Collioure,42.52505,3.0831554,2026-08-20 09:00:00,29.05,29.72,50,clear sky,2.88,0.0,0.0
29,Carcassonne,43.2130358,2.3491069,2026-08-15 12:00:00,29.46,31.49,58,overcast clouds,4.01,0.0,0.0
29,Carcassonne,43.2130358,2.3491069,2026-08-15 15:00:00,27.71,29.34,63,light rain,5.98,0.87,0.99
29,Carcassonne,43.2130358,2.3491069,2026-08-15 18:00:00,25.04,25.38,68,light rain,2.71,1.0,1.68
29,Carcassonne,43.2130358,2.3491069,2026-08-15 21:00:00,23.36,23.61,71,broken clouds,0.67,0.0,0.0
29,Carcassonne,43.2130358,2.3491069,2026-08-16 00:00:00,21.58,21.86,79,broken clouds,2.17,0.0,0.0
29,Carcassonne,43.2130358,2.3491069,2026-08-16 03:00:00,22.41,23.19,95,overcast clouds,3.07,0.0,0.0
29,Carcassonne,43.2130358,2.3491069,2026-08-16 06:00:00,22.88,23.52,88,overcast clouds,3.03,0.0,0.0
29,Carcassonne,43.2130358,2.3491069,2026-08-16 09:00:00,26.31,26.31,62,overcast clouds,4.76,0.0,0.0
29,Carcassonne,43.2130358,2.3491069,2026-08-16 12:00:00,30.02,30.48,46,overcast clouds,5.47,0.0,0.0
29,Carcassonne,43.2130358,2.3491069,2026-08-16 15:00:00,31.93,31.53,36,overcast clouds,4.57,0.0,0.0
29,Carcassonne,43.2130358,2.3491069,2026-08-16 18:00:00,29.06,29.74,50,light rain,5.11,0.2,0.22
29,Carcassonne,43.2130358,2.3491069,2026-08-16 21:00:00,24.22,24.79,80,light rain,2.92,1.0,1.6
29,Carcassonne,43.2130358,2.3491069,2026-08-17 00:00:00,21.65,22.09,85,broken clouds,3.67,0.89,0.0
29,Carcassonne,43.2130358,2.3491069,2026-08-17 03:00:00,20.06,20.47,90,broken clouds,3.58,0.0,0.0
29,Carcassonne,43.2130358,2.3491069,2026-08-17 06:00:00,20.05,20.46,90,broken clouds,3.82,0.0,0.0
29,Carcassonne,43.2130358,2.3491069,2026-08-17 09:00:00,26.72,27.61,58,broken clouds,5.78,0.0,0.0
29,Carcassonne,43.2130358,2.3491069,2026-08-17 12:00:00,31.95,32.21,40,broken clouds,6.76,0.0,0.0
29,Carcassonne,43.2130358,2.3491069,2026-08-17 15:00:00,33.5,33.14,33,overcast clouds,7.15,0.0,0.0
29,Carcassonne,43.2130358,2.3491069,2026-08-17 18:00:00,31.17,30.71,37,overcast clouds,6.21,0.0,0.0
29,Carcassonne,43.2130358,2.3491069,2026-08-17 21:00:00,26.39,26.39,49,broken clouds,3.47,0.0,0.0
29,Carcassonne,43.2130358,2.3491069,2026-08-18 00:00:00,24.03,24.0,58,broken clouds,5.66,0.0,0.0
29,Carcassonne,43.2130358,2.3491069,2026-08-18 03:00:00,20.96,21.04,74,few clouds,4.52,0.0,0.0
29,Carcassonne,43.2130358,2.3491069,2026-08-18 06:00:00,20.05,20.2,80,scattered clouds,3.5,0.0,0.0
29,Carcassonne,43.2130358,2.3491069,2026-08-18 09:00:00,27.18,27.34,46,few clouds,5.18,0.0,0.0
29,Carcassonne,43.2130358,2.3491069,2026-08-18 12:00:00,32.92,31.4,26,clear sky,5.22,0.0,0.0
29,Carcassonne,43.2130358,2.3491069,2026-08-18 15:00:00,35.2,33.27,20,clear sky,5.22,0.0,0.0
29,Carcassonne,43.2130358,2.3491069,2026-08-18 18:00:00,32.17,30.49,25,clear sky,3.58,0.0,0.0
29,Carcassonne,43.2130358,2.3491069,2026-08-18 21:00:00,25.51,25.11,38,clear sky,1.93,0.0,0.0
29,Carcassonne,43.2130358,2.3491069,2026-08-19 00:00:00,23.51,23.09,45,clear sky,1.81,0.0,0.0
29,Carcassonne,43.2130358,2.3491069,2026-08-19 03:00:00,22.68,22.23,47,clear sky,1.44,0.0,0.0
29,Carcassonne,43.2130358,2.3491069,2026-08-19 06:00:00,23.0,22.61,48,clear sky,2.77,0.0,0.0
29,Carcassonne,43.2130358,2.3491069,2026-08-19 09:00:00,29.5,28.51,33,few clouds,3.76,0.0,0.0
29,Carcassonne,43.2130358,2.3491069,2026-08-19 12:00:00,35.14,33.61,23,few clouds,3.69,0.0,0.0
29,Carcassonne,43.2130358,2.3491069,2026-08-19 15:00:00,35.16,34.12,26,light rain,3.0,1.0,0.59
29,Carcassonne,43.2130358,2.3491069,2026-08-19 18:00:00,26.78,27.75,59,light rain,2.63,1.0,1.08
29,Carcassonne,43.2130358,2.3491069,2026-08-19 21:00:00,22.68,23.01,77,light rain,3.0,0.9,0.54
29,Carcassonne,43.2130358,2.3491069,2026-08-20 00:00:00,20.72,21.04,84,light rain,3.39,0.81,0.21
29,Carcassonne,43.2130358,2.3491069,2026-08-20 03:00:00,19.38,19.8,93,broken clouds,4.92,0.0,0.0
29,Carcassonne,43.2130358,2.3491069,2026-08-20 06:00:00,19.51,19.92,92,broken clouds,4.29,0.0,0.0
29,Carcassonne,43.2130358,2.3491069,2026-08-20 09:00:00,22.7,22.93,73,broken clouds,5.26,0.0,0.0
30,Ariege,42.9455368,1.4065544,2026-08-15 12:00:00,23.85,23.91,62,light rain,2.48,0.56,0.84
30,Ariege,42.9455368,1.4065544,2026-08-15 15:00:00,22.41,22.9,84,moderate rain,2.5,1.0,9.25
30,Ariege,42.9455368,1.4065544,2026-08-15 18:00:00,21.69,21.95,78,light rain,2.38,1.0,0.4
30,Ariege,42.9455368,1.4065544,2026-08-15 21:00:00,19.02,19.28,88,light rain,1.49,1.0,0.75
30,Ariege,42.9455368,1.4065544,2026-08-16 00:00:00,17.49,17.75,94,moderate rain,1.5,1.0,3.21
30,Ariege,42.9455368,1.4065544,2026-08-16 03:00:00,17.7,17.95,93,overcast clouds,1.65,0.0,0.0
30,Ariege,42.9455368,1.4065544,2026-08-16 06:00:00,15.47,15.42,90,broken clouds,2.31,0.0,0.0
30,Ariege,42.9455368,1.4065544,2026-08-16 09:00:00,20.33,20.09,64,broken clouds,1.94,0.0,0.0
30,Ariege,42.9455368,1.4065544,2026-08-16 12:00:00,25.56,25.63,56,light rain,2.84,0.44,0.55
30,Ariege,42.9455368,1.4065544,2026-08-16 15:00:00,26.7,28.16,67,moderate rain,0.87,0.98,3.28
30,Ariege,42.9455368,1.4065544,2026-08-16 18:00:00,23.66,24.04,75,light rain,2.01,0.98,1.63
30,Ariege,42.9455368,1.4065544,2026-08-16 21:00:00,20.24,20.72,92,light rain,3.08,1.0,1.6
30,Ariege,42.9455368,1.4065544,2026-08-17 00:00:00,18.88,19.04,85,overcast clouds,2.27,0.8,0.0
30,Ariege,42.9455368,1.4065544,2026-08-17 03:00:00,14.64,14.46,88,scattered clouds,1.78,0.0,0.0
30,Ariege,42.9455368,1.4065544,2026-08-17 06:00:00,15.4,15.27,87,scattered clouds,2.01,0.0,0.0
30,Ariege,42.9455368,1.4065544,2026-08-17 09:00:00,21.23,21.11,65,scattered clouds,2.28,0.0,0.0
30,Ariege,42.9455368,1.4065544,2026-08-17 12:00:00,25.44,25.32,49,broken clouds,2.53,0.0,0.0
30,Ariege,42.9455368,1.4065544,2026-08-17 15:00:00,26.37,26.37,44,overcast clouds,3.15,0.0,0.0
30,Ariege,42.9455368,1.4065544,2026-08-17 18:00:00,22.62,22.48,59,overcast clouds,1.7,0.0,0.0
30,Ariege,42.9455368,1.4065544,2026-08-17 21:00:00,18.18,17.91,71,scattered clouds,2.16,0.0,0.0
30,Ariege,42.9455368,1.4065544,2026-08-18 00:00:00,16.15,15.96,82,broken clouds,1.59,0.0,0.0
30,Ariege,42.9455368,1.4065544,2026-08-18 03:00:00,14.62,14.49,90,overcast clouds,1.93,0.0,0.0
30,Ariege,42.9455368,1.4065544,2026-08-18 06:00:00,15.48,15.17,80,broken clouds,1.74,0.0,0.0
30,Ariege,42.9455368,1.4065544,2026-08-18 09:00:00,22.28,22.05,57,few clouds,2.0,0.0,0.0
30,Ariege,42.9455368,1.4065544,2026-08-18 12:00:00,26.55,26.55,39,few clouds,2.54,0.0,0.0
30,Ariege,42.9455368,1.4065544,2026-08-18 15:00:00,27.89,27.16,33,few clouds,2.83,0.0,0.0
30,Ariege,42.9455368,1.4065544,2026-08-18 18:00:00,22.91,22.56,50,few clouds,0.4,0.0,0.0
30,Ariege,42.9455368,1.4065544,2026-08-18 21:00:00,18.67,18.08,57,clear sky,2.47,0.0,0.0
30,Ariege,42.9455368,1.4065544,2026-08-19 00:00:00,18.03,17.43,59,clear sky,3.2,0.0,0.0
30,Ariege,42.9455368,1.4065544,2026-08-19 03:00:00,18.07,17.19,48,clear sky,3.02,0.0,0.0
30,Ariege,42.9455368,1.4065544,2026-08-19 06:00:00,17.75,16.89,50,clear sky,1.91,0.0,0.0
30,Ariege,42.9455368,1.4065544,2026-08-19 09:00:00,25.54,25.09,36,few clouds,1.18,0.0,0.0
30,Ariege,42.9455368,1.4065544,2026-08-19 12:00:00,28.64,27.69,32,few clouds,2.4,0.0,0.0
30,Ariege,42.9455368,1.4065544,2026-08-19 15:00:00,28.63,27.87,35,few clouds,3.59,0.0,0.0
30,Ariege,42.9455368,1.4065544,2026-08-19 18:00:00,19.92,19.98,77,light rain,0.79,0.46,0.5
30,Ariege,42.9455368,1.4065544,2026-08-19 21:00:00,17.22,17.11,81,light rain,2.02,0.37,0.27
30,Ariege,42.9455368,1.4065544,2026-08-20 00:00:00,15.58,15.47,87,overcast clouds,1.11,0.0,0.0
30,Ariege,42.9455368,1.4065544,2026-08-20 03:00:00,14.31,14.12,89,broken clouds,1.77,0.0,0.0
30,Ariege,42.9455368,1.4065544,2026-08-20 06:00:00,14.92,14.82,90,broken clouds,0.7,0.0,0.0
30,Ariege,42.9455368,1.4065544,2026-08-20 09:00:00,17.72,17.56,77,broken clouds,1.36,0.0,0.0
31,Toulouse,43.6044638,1.4442433,2026-08-15 12:00:00,27.75,28.7,56,overcast clouds,3.85,0.0,0.0
31,Toulouse,43.6044638,1.4442433,2026-08-15 15:00:00,30.27,30.26,42,light rain,1.66,0.49,0.46
31,Toulouse,43.6044638,1.4442433,2026-08-15 18:00:00,26.74,28.57,72,moderate rain,2.76,1.0,3.11
31,Toulouse,43.6044638,1.4442433,2026-08-15 21:00:00,23.62,24.02,76,light rain,0.91,1.0,1.81
31,Toulouse,43.6044638,1.4442433,2026-08-16 00:00:00,21.72,22.35,92,light rain,3.51,1.0,1.08
31,Toulouse,43.6044638,1.4442433,2026-08-16 03:00:00,22.35,23.1,94,overcast clouds,2.05,0.0,0.0
31,Toulouse,43.6044638,1.4442433,2026-08-16 06:00:00,21.1,21.59,89,overcast clouds,2.25,0.0,0.0
31,Toulouse,43.6044638,1.4442433,2026-08-16 09:00:00,22.14,22.21,69,overcast clouds,2.79,0.0,0.0
31,Toulouse,43.6044638,1.4442433,2026-08-16 12:00:00,27.77,27.88,46,overcast clouds,4.64,0.0,0.0
31,Toulouse,43.6044638,1.4442433,2026-08-16 15:00:00,31.4,31.6,41,broken clouds,3.73,0.0,0.0
31,Toulouse,43.6044638,1.4442433,2026-08-16 18:00:00,29.17,29.29,45,light rain,3.86,0.2,0.26
31,Toulouse,43.6044638,1.4442433,2026-08-16 21:00:00,24.94,25.06,60,light rain,2.18,0.21,0.18
31,Toulouse,43.6044638,1.4442433,2026-08-17 00:00:00,22.94,23.43,82,light rain,2.87,0.84,0.66
31,Toulouse,43.6044638,1.4442433,2026-08-17 03:00:00,20.31,20.67,87,broken clouds,2.91,0.0,0.0
31,Toulouse,43.6044638,1.4442433,2026-08-17 06:00:00,20.03,20.33,86,scattered clouds,3.4,0.0,0.0
31,Toulouse,43.6044638,1.4442433,2026-08-17 09:00:00,25.51,25.68,60,scattered clouds,3.58,0.0,0.0
31,Toulouse,43.6044638,1.4442433,2026-08-17 12:00:00,30.61,30.84,43,broken clouds,4.35,0.0,0.0
31,Toulouse,43.6044638,1.4442433,2026-08-17 15:00:00,32.72,32.25,34,overcast clouds,4.99,0.0,0.0
31,Toulouse,43.6044638,1.4442433,2026-08-17 18:00:00,31.13,30.53,36,broken clouds,4.17,0.0,0.0
31,Toulouse,43.6044638,1.4442433,2026-08-17 21:00:00,26.28,26.28,49,broken clouds,3.68,0.0,0.0
31,Toulouse,43.6044638,1.4442433,2026-08-18 00:00:00,22.74,22.66,61,broken clouds,4.91,0.0,0.0
31,Toulouse,43.6044638,1.4442433,2026-08-18 03:00:00,20.05,20.12,77,clear sky,4.47,0.0,0.0
31,Toulouse,43.6044638,1.4442433,2026-08-18 06:00:00,19.55,19.52,75,few clouds,3.45,0.0,0.0
31,Toulouse,43.6044638,1.4442433,2026-08-18 09:00:00,26.15,26.15,40,clear sky,3.17,0.0,0.0
31,Toulouse,43.6044638,1.4442433,2026-08-18 12:00:00,31.48,30.05,28,clear sky,3.29,0.0,0.0
31,Toulouse,43.6044638,1.4442433,2026-08-18 15:00:00,33.92,32.18,23,clear sky,3.6,0.0,0.0
31,Toulouse,43.6044638,1.4442433,2026-08-18 18:00:00,31.65,30.13,27,clear sky,2.82,0.0,0.0
31,Toulouse,43.6044638,1.4442433,2026-08-18 21:00:00,26.33,26.33,38,clear sky,2.19,0.0,0.0
31,Toulouse,43.6044638,1.4442433,2026-08-19 00:00:00,23.78,23.34,43,clear sky,1.7,0.0,0.0
31,Toulouse,43.6044638,1.4442433,2026-08-19 03:00:00,22.08,21.57,47,clear sky,0.81,0.0,0.0
31,Toulouse,43.6044638,1.4442433,2026-08-19 06:00:00,21.9,21.45,50,clear sky,3.41,0.0,0.0
31,Toulouse,43.6044638,1.4442433,2026-08-19 09:00:00,27.42,27.18,40,broken clouds,3.26,0.0,0.0
31,Toulouse,43.6044638,1.4442433,2026-08-19 12:00:00,32.98,31.58,27,scattered clouds,3.79,0.0,0.0
31,Toulouse,43.6044638,1.4442433,2026-08-19 15:00:00,33.47,32.29,28,light rain,4.33,0.97,0.55
31,Toulouse,43.6044638,1.4442433,2026-08-19 18:00:00,26.78,27.68,58,light rain,2.31,1.0,1.95
31,Toulouse,43.6044638,1.4442433,2026-08-19 21:00:00,23.04,23.25,71,light rain,1.24,1.0,1.91
31,Toulouse,43.6044638,1.4442433,2026-08-20 00:00:00,21.03,21.3,81,light rain,2.12,1.0,0.51
31,Toulouse,43.6044638,1.4442433,2026-08-20 03:00:00,19.9,20.24,88,overcast clouds,4.15,0.0,0.0
31,Toulouse,43.6044638,1.4442433,2026-08-20 06:00:00,18.95,19.3,92,broken clouds,2.68,0.0,0.0
31,Toulouse,43.6044638,1.4442433,2026-08-20 09:00:00,22.13,22.38,76,light rain,2.63,0.2,0.18
32,Montauban,44.0175835,1.3549991,2026-08-15 12:00:00,28.41,29.95,59,overcast clouds,4.24,0.0,0.0
32,Montauban,44.0175835,1.3549991,2026-08-15 15:00:00,30.42,31.19,47,broken clouds,2.86,0.0,0.0
32,Montauban,44.0175835,1.3549991,2026-08-15 18:00:00,25.84,25.92,55,broken clouds,7.16,0.0,0.0
32,Montauban,44.0175835,1.3549991,2026-08-15 21:00:00,23.16,23.78,86,moderate rain,0.81,1.0,4.22
32,Montauban,44.0175835,1.3549991,2026-08-16 00:00:00,22.36,23.03,91,light rain,0.76,1.0,2.38
32,Montauban,44.0175835,1.3549991,2026-08-16 03:00:00,21.9,22.6,94,overcast clouds,1.54,0.0,0.0
32,Montauban,44.0175835,1.3549991,2026-08-16 06:00:00,21.39,22.01,93,overcast clouds,1.96,0.0,0.0
32,Montauban,44.0175835,1.3549991,2026-08-16 09:00:00,23.02,23.26,72,overcast clouds,2.79,0.0,0.0
32,Montauban,44.0175835,1.3549991,2026-08-16 12:00:00,26.19,26.19,60,overcast clouds,5.3,0.0,0.0
32,Montauban,44.0175835,1.3549991,2026-08-16 15:00:00,30.8,31.75,47,broken clouds,4.31,0.0,0.0
32,Montauban,44.0175835,1.3549991,2026-08-16 18:00:00,29.42,29.71,46,scattered clouds,3.32,0.0,0.0
32,Montauban,44.0175835,1.3549991,2026-08-16 21:00:00,23.8,24.35,81,light rain,3.3,0.94,0.97
32,Montauban,44.0175835,1.3549991,2026-08-17 00:00:00,22.17,22.82,91,light rain,2.65,1.0,2.04
32,Montauban,44.0175835,1.3549991,2026-08-17 03:00:00,19.14,19.56,94,scattered clouds,2.45,0.0,0.0
32,Montauban,44.0175835,1.3549991,2026-08-17 06:00:00,19.26,19.64,92,few clouds,1.88,0.0,0.0
32,Montauban,44.0175835,1.3549991,2026-08-17 09:00:00,24.16,24.46,70,broken clouds,3.25,0.0,0.0
32,Montauban,44.0175835,1.3549991,2026-08-17 12:00:00,29.86,30.27,46,overcast clouds,4.33,0.0,0.0
32,Montauban,44.0175835,1.3549991,2026-08-17 15:00:00,32.46,32.07,35,overcast clouds,5.4,0.0,0.0
32,Montauban,44.0175835,1.3549991,2026-08-17 18:00:00,30.42,30.06,39,broken clouds,3.01,0.0,0.0
32,Montauban,44.0175835,1.3549991,2026-08-17 21:00:00,24.8,24.69,52,overcast clouds,4.48,0.0,0.0
32,Montauban,44.0175835,1.3549991,2026-08-18 00:00:00,20.77,20.47,60,broken clouds,3.68,0.0,0.0
32,Montauban,44.0175835,1.3549991,2026-08-18 03:00:00,18.39,18.11,70,clear sky,2.97,0.0,0.0
32,Montauban,44.0175835,1.3549991,2026-08-18 06:00:00,18.04,17.75,71,few clouds,2.28,0.0,0.0
32,Montauban,44.0175835,1.3549991,2026-08-18 09:00:00,24.9,24.7,48,clear sky,3.23,0.0,0.0
32,Montauban,44.0175835,1.3549991,2026-08-18 12:00:00,30.78,29.79,33,clear sky,3.1,0.0,0.0
32,Montauban,44.0175835,1.3549991,2026-08-18 15:00:00,33.64,32.1,25,clear sky,3.49,0.0,0.0
32,Montauban,44.0175835,1.3549991,2026-08-18 18:00:00,31.05,29.78,30,clear sky,2.83,0.0,0.0
32,Montauban,44.0175835,1.3549991,2026-08-18 21:00:00,25.07,24.7,41,clear sky,1.09,0.0,0.0
32,Montauban,44.0175835,1.3549991,2026-08-19 00:00:00,23.06,22.6,45,clear sky,0.21,0.0,0.0
32,Montauban,44.0175835,1.3549991,2026-08-19 03:00:00,20.82,20.34,53,clear sky,0.59,0.0,0.0
32,Montauban,44.0175835,1.3549991,2026-08-19 06:00:00,21.22,20.76,52,few clouds,2.33,0.0,0.0
32,Montauban,44.0175835,1.3549991,2026-08-19 09:00:00,27.2,26.91,38,scattered clouds,3.85,0.0,0.0
32,Montauban,44.0175835,1.3549991,2026-08-19 12:00:00,31.35,30.31,32,scattered clouds,4.63,0.0,0.0
32,Montauban,44.0175835,1.3549991,2026-08-19 15:00:00,32.2,31.3,32,light rain,4.73,0.85,0.55
32,Montauban,44.0175835,1.3549991,2026-08-19 18:00:00,26.64,26.64,52,light rain,4.18,1.0,1.08
32,Montauban,44.0175835,1.3549991,2026-08-19 21:00:00,21.25,21.41,76,light rain,2.63,1.0,0.83
32,Montauban,44.0175835,1.3549991,2026-08-20 00:00:00,20.25,20.52,84,light rain,1.96,1.0,1.04
32,Montauban,44.0175835,1.3549991,2026-08-20 03:00:00,18.27,18.63,95,light rain,3.0,0.49,0.27
32,Montauban,44.0175835,1.3549991,2026-08-20 06:00:00,18.45,18.86,96,light rain,2.18,0.26,0.18
32,Montauban,44.0175835,1.3549991,2026-08-20 09:00:00,22.66,22.84,71,broken clouds,2.81,0.0,0.0
33,Biarritz,43.4711437,-1.5527275,2026-08-15 12:00:00,24.54,25.27,85,light rain,3.15,0.2,0.16
33,Biarritz,43.4711437,-1.5527275,2026-08-15 15:00:00,24.37,24.95,80,overcast clouds,3.55,0.0,0.0
33,Biarritz,43.4711437,-1.5527275,2026-08-15 18:00:00,23.8,24.48,86,overcast clouds,3.99,0.0,0.0
33,Biarritz,43.4711437,-1.5527275,2026-08-15 21:00:00,23.31,24.12,93,broken clouds,3.07,0.0,0.0
33,Biarritz,43.4711437,-1.5527275,2026-08-16 00:00:00,22.79,23.55,93,overcast clouds,2.28,0.0,0.0
33,Biarritz,43.4711437,-1.5527275,2026-08-16 03:00:00,23.09,23.88,93,light rain,1.94,0.78,0.47
33,Biarritz,43.4711437,-1.5527275,2026-08-16 06:00:00,22.97,23.7,91,overcast clouds,3.26,0.2,0.0
33,Biarritz,43.4711437,-1.5527275,2026-08-16 09:00:00,24.13,24.69,80,broken clouds,1.85,0.0,0.0
33,Biarritz,43.4711437,-1.5527275,2026-08-16 12:00:00,25.55,26.14,76,broken clouds,2.0,0.0,0.0
33,Biarritz,43.4711437,-1.5527275,2026-08-16 15:00:00,25.17,25.67,74,overcast clouds,3.46,0.0,0.0
33,Biarritz,43.4711437,-1.5527275,2026-08-16 18:00:00,24.48,25.05,79,broken clouds,2.3,0.0,0.0
33,Biarritz,43.4711437,-1.5527275,2026-08-16 21:00:00,22.82,23.51,90,clear sky,1.75,0.0,0.0
33,Biarritz,43.4711437,-1.5527275,2026-08-17 00:00:00,21.95,22.63,93,clear sky,2.84,0.0,0.0
33,Biarritz,43.4711437,-1.5527275,2026-08-17 03:00:00,20.88,21.4,91,overcast clouds,2.28,0.0,0.0
33,Biarritz,43.4711437,-1.5527275,2026-08-17 06:00:00,21.21,21.74,90,broken clouds,2.82,0.0,0.0
33,Biarritz,43.4711437,-1.5527275,2026-08-17 09:00:00,22.9,23.31,79,broken clouds,2.57,0.0,0.0
33,Biarritz,43.4711437,-1.5527275,2026-08-17 12:00:00,24.37,24.77,73,overcast clouds,2.64,0.0,0.0
33,Biarritz,43.4711437,-1.5527275,2026-08-17 15:00:00,24.07,24.54,77,broken clouds,3.42,0.0,0.0
33,Biarritz,43.4711437,-1.5527275,2026-08-17 18:00:00,22.98,23.42,80,broken clouds,2.2,0.0,0.0
33,Biarritz,43.4711437,-1.5527275,2026-08-17 21:00:00,21.18,21.7,90,clear sky,2.13,0.0,0.0
33,Biarritz,43.4711437,-1.5527275,2026-08-18 00:00:00,20.63,21.12,91,clear sky,2.1,0.0,0.0
33,Biarritz,43.4711437,-1.5527275,2026-08-18 03:00:00,19.88,20.33,92,scattered clouds,1.97,0.0,0.0
33,Biarritz,43.4711437,-1.5527275,2026-08-18 06:00:00,19.07,19.51,95,scattered clouds,2.2,0.0,0.0
33,Biarritz,43.4711437,-1.5527275,2026-08-18 09:00:00,22.96,23.3,76,scattered clouds,0.77,0.0,0.0
33,Biarritz,43.4711437,-1.5527275,2026-08-18 12:00:00,24.39,24.63,67,few clouds,3.42,0.0,0.0
33,Biarritz,43.4711437,-1.5527275,2026-08-18 15:00:00,24.39,24.48,61,scattered clouds,3.53,0.0,0.0
33,Biarritz,43.4711437,-1.5527275,2026-08-18 18:00:00,23.24,23.66,78,scattered clouds,2.35,0.0,0.0
33,Biarritz,43.4711437,-1.5527275,2026-08-18 21:00:00,20.82,21.26,88,broken clouds,0.41,0.0,0.0
33,Biarritz,43.4711437,-1.5527275,2026-08-19 00:00:00,20.88,21.37,90,scattered clouds,2.76,0.0,0.0
33,Biarritz,43.4711437,-1.5527275,2026-08-19 03:00:00,20.34,20.83,92,clear sky,2.78,0.0,0.0
33,Biarritz,43.4711437,-1.5527275,2026-08-19 06:00:00,20.51,20.97,90,few clouds,2.56,0.0,0.0
33,Biarritz,43.4711437,-1.5527275,2026-08-19 09:00:00,23.22,23.66,79,few clouds,3.52,0.0,0.0
33,Biarritz,43.4711437,-1.5527275,2026-08-19 12:00:00,23.65,24.0,74,light rain,3.25,0.2,0.11
33,Biarritz,43.4711437,-1.5527275,2026-08-19 15:00:00,23.09,23.41,75,scattered clouds,3.73,0.0,0.0
33,Biarritz,43.4711437,-1.5527275,2026-08-19 18:00:00,21.45,22.03,91,light rain,2.78,1.0,2.3
33,Biarritz,43.4711437,-1.5527275,2026-08-19 21:00:00,21.05,21.53,89,light rain,1.77,1.0,2.4
33,Biarritz,43.4711437,-1.5527275,2026-08-20 00:00:00,20.61,21.08,90,overcast clouds,2.09,0.8,0.0
33,Biarritz,43.4711437,-1.5527275,2026-08-20 03:00:00,20.73,21.16,88,light rain,0.89,0.27,0.27
33,Biarritz,43.4711437,-1.5527275,2026-08-20 06:00:00,20.63,21.05,88,light rain,1.49,0.34,0.18
33,Biarritz,43.4711437,-1.5527275,2026-08-20 09:00:00,21.18,21.73,91,light rain,2.82,0.99,0.51
34,Bayonne,43.4945144,-1.4736657,2026-08-15 12:00:00,24.9,25.64,84,overcast clouds,3.72,0.0,0.0
34,Bayonne,43.4945144,-1.4736657,2026-08-15 15:00:00,25.77,26.44,78,overcast clouds,3.72,0.0,0.0
34,Bayonne,43.4945144,-1.4736657,2026-08-15 18:00:00,23.44,24.01,83,overcast clouds,4.19,0.0,0.0
34,Bayonne,43.4945144,-1.4736657,2026-08-15 21:00:00,23.66,24.54,94,broken clouds,2.86,0.0,0.0
34,Bayonne,43.4945144,-1.4736657,2026-08-16 00:00:00,23.44,24.29,94,overcast clouds,1.96,0.0,0.0
34,Bayonne,43.4945144,-1.4736657,2026-08-16 03:00:00,22.85,23.65,94,light rain,1.51,0.54,0.3
34,Bayonne,43.4945144,-1.4736657,2026-08-16 06:00:00,22.42,23.12,92,overcast clouds,2.68,0.07,0.0
34,Bayonne,43.4945144,-1.4736657,2026-08-16 09:00:00,24.98,25.52,76,broken clouds,2.13,0.0,0.0
34,Bayonne,43.4945144,-1.4736657,2026-08-16 12:00:00,26.75,28.66,73,broken clouds,2.68,0.0,0.0
34,Bayonne,43.4945144,-1.4736657,2026-08-16 15:00:00,27.75,30.31,71,broken clouds,3.9,0.0,0.0
34,Bayonne,43.4945144,-1.4736657,2026-08-16 18:00:00,25.29,25.91,78,broken clouds,2.62,0.0,0.0
34,Bayonne,43.4945144,-1.4736657,2026-08-16 21:00:00,23.6,24.42,92,clear sky,1.71,0.0,0.0
34,Bayonne,43.4945144,-1.4736657,2026-08-17 00:00:00,22.75,23.56,95,clear sky,2.43,0.0,0.0
34,Bayonne,43.4945144,-1.4736657,2026-08-17 03:00:00,20.41,20.93,93,overcast clouds,1.89,0.0,0.0
34,Bayonne,43.4945144,-1.4736657,2026-08-17 06:00:00,20.97,21.5,91,broken clouds,2.5,0.0,0.0
34,Bayonne,43.4945144,-1.4736657,2026-08-17 09:00:00,23.26,23.65,77,broken clouds,2.71,0.0,0.0
34,Bayonne,43.4945144,-1.4736657,2026-08-17 12:00:00,24.87,25.24,70,overcast clouds,2.92,0.0,0.0
34,Bayonne,43.4945144,-1.4736657,2026-08-17 15:00:00,24.64,25.07,73,broken clouds,3.85,0.0,0.0
34,Bayonne,43.4945144,-1.4736657,2026-08-17 18:00:00,23.16,23.57,78,broken clouds,2.57,0.0,0.0
34,Bayonne,43.4945144,-1.4736657,2026-08-17 21:00:00,20.64,21.16,92,clear sky,2.03,0.0,0.0
34,Bayonne,43.4945144,-1.4736657,2026-08-18 00:00:00,20.1,20.59,93,few clouds,1.82,0.0,0.0
34,Bayonne,43.4945144,-1.4736657,2026-08-18 03:00:00,19.28,19.72,94,broken clouds,1.66,0.0,0.0
34,Bayonne,43.4945144,-1.4736657,2026-08-18 06:00:00,18.45,18.86,96,scattered clouds,1.84,0.0,0.0
34,Bayonne,43.4945144,-1.4736657,2026-08-18 09:00:00,23.64,23.94,72,scattered clouds,0.78,0.0,0.0
34,Bayonne,43.4945144,-1.4736657,2026-08-18 12:00:00,25.56,25.74,60,scattered clouds,3.41,0.0,0.0
34,Bayonne,43.4945144,-1.4736657,2026-08-18 15:00:00,25.37,25.42,56,scattered clouds,3.87,0.0,0.0
34,Bayonne,43.4945144,-1.4736657,2026-08-18 18:00:00,23.5,23.86,75,scattered clouds,2.65,0.0,0.0
34,Bayonne,43.4945144,-1.4736657,2026-08-18 21:00:00,20.12,20.54,90,broken clouds,0.71,0.0,0.0
34,Bayonne,43.4945144,-1.4736657,2026-08-19 00:00:00,20.37,20.84,91,scattered clouds,2.65,0.0,0.0
34,Bayonne,43.4945144,-1.4736657,2026-08-19 03:00:00,20.13,20.63,93,few clouds,2.43,0.0,0.0
34,Bayonne,43.4945144,-1.4736657,2026-08-19 06:00:00,20.01,20.47,92,few clouds,2.18,0.0,0.0
34,Bayonne,43.4945144,-1.4736657,2026-08-19 09:00:00,23.72,24.11,75,few clouds,3.5,0.0,0.0
34,Bayonne,43.4945144,-1.4736657,2026-08-19 12:00:00,24.44,24.74,69,few clouds,3.83,0.0,0.0
34,Bayonne,43.4945144,-1.4736657,2026-08-19 15:00:00,23.72,24.0,71,scattered clouds,4.16,0.0,0.0
34,Bayonne,43.4945144,-1.4736657,2026-08-19 18:00:00,21.32,21.91,92,light rain,2.87,1.0,2.11
34,Bayonne,43.4945144,-1.4736657,2026-08-19 21:00:00,20.61,21.13,92,light rain,1.82,1.0,2.03
34,Bayonne,43.4945144,-1.4736657,2026-08-20 00:00:00,20.1,20.57,92,overcast clouds,1.75,0.8,0.0
34,Bayonne,43.4945144,-1.4736657,2026-08-20 03:00:00,20.05,20.46,90,light rain,0.86,0.2,0.18
34,Bayonne,43.4945144,-1.4736657,2026-08-20 06:00:00,19.92,20.32,90,light rain,0.73,0.24,0.15
34,Bayonne,43.4945144,-1.4736657,2026-08-20 09:00:00,21.74,22.27,88,light rain,2.01,0.89,0.48
35,La Rochelle,46.159732,-1.1515951,2026-08-15 12:00:00,26.51,26.51,74,light rain,5.66,0.2,0.12
35,La Rochelle,46.159732,-1.1515951,2026-08-15 15:00:00,27.43,30.03,74,overcast clouds,7.9,0.0,0.0
35,La Rochelle,46.159732,-1.1515951,2026-08-15 18:00:00,27.37,29.4,69,broken clouds,7.65,0.0,0.0
35,La Rochelle,46.159732,-1.1515951,2026-08-15 21:00:00,23.35,23.86,81,light rain,5.77,0.39,0.29
35,La Rochelle,46.159732,-1.1515951,2026-08-16 00:00:00,21.88,22.26,82,light rain,1.85,0.54,0.46
35,La Rochelle,46.159732,-1.1515951,2026-08-16 03:00:00,20.87,21.21,84,scattered clouds,0.27,0.0,0.0
35,La Rochelle,46.159732,-1.1515951,2026-08-16 06:00:00,19.09,19.22,83,few clouds,3.43,0.0,0.0
35,La Rochelle,46.159732,-1.1515951,2026-08-16 09:00:00,24.04,24.33,70,clear sky,1.14,0.0,0.0
35,La Rochelle,46.159732,-1.1515951,2026-08-16 12:00:00,27.41,28.89,63,clear sky,5.11,0.0,0.0
35,La Rochelle,46.159732,-1.1515951,2026-08-16 15:00:00,27.44,29.94,73,scattered clouds,7.02,0.0,0.0
35,La Rochelle,46.159732,-1.1515951,2026-08-16 18:00:00,22.64,22.89,74,scattered clouds,7.94,0.0,0.0
35,La Rochelle,46.159732,-1.1515951,2026-08-16 21:00:00,21.72,21.98,78,few clouds,5.27,0.0,0.0
35,La Rochelle,46.159732,-1.1515951,2026-08-17 00:00:00,21.01,21.1,74,few clouds,4.04,0.0,0.0
35,La Rochelle,46.159732,-1.1515951,2026-08-17 03:00:00,20.17,20.12,72,broken clouds,3.5,0.0,0.0
35,La Rochelle,46.159732,-1.1515951,2026-08-17 06:00:00,19.66,19.72,78,broken clouds,3.55,0.0,0.0
35,La Rochelle,46.159732,-1.1515951,2026-08-17 09:00:00,22.62,22.66,66,overcast clouds,3.23,0.0,0.0
35,La Rochelle,46.159732,-1.1515951,2026-08-17 12:00:00,23.55,23.66,65,overcast clouds,6.35,0.0,0.0
35,La Rochelle,46.159732,-1.1515951,2026-08-17 15:00:00,22.71,22.66,62,few clouds,8.14,0.0,0.0
35,La Rochelle,46.159732,-1.1515951,2026-08-17 18:00:00,23.09,23.05,61,few clouds,8.48,0.0,0.0
35,La Rochelle,46.159732,-1.1515951,2026-08-17 21:00:00,21.2,21.44,79,few clouds,5.38,0.0,0.0
35,La Rochelle,46.159732,-1.1515951,2026-08-18 00:00:00,20.49,20.58,76,few clouds,3.39,0.0,0.0
35,La Rochelle,46.159732,-1.1515951,2026-08-18 03:00:00,19.54,19.43,72,clear sky,3.87,0.0,0.0
35,La Rochelle,46.159732,-1.1515951,2026-08-18 06:00:00,18.84,18.63,71,clear sky,3.35,0.0,0.0
35,La Rochelle,46.159732,-1.1515951,2026-08-18 09:00:00,22.21,21.97,57,clear sky,2.25,0.0,0.0
35,La Rochelle,46.159732,-1.1515951,2026-08-18 12:00:00,22.56,22.41,59,clear sky,5.66,0.0,0.0
35,La Rochelle,46.159732,-1.1515951,2026-08-18 15:00:00,22.28,22.18,62,clear sky,6.34,0.0,0.0
35,La Rochelle,46.159732,-1.1515951,2026-08-18 18:00:00,21.59,21.61,69,clear sky,6.3,0.0,0.0
35,La Rochelle,46.159732,-1.1515951,2026-08-18 21:00:00,20.18,20.37,81,clear sky,5.95,0.0,0.0
35,La Rochelle,46.159732,-1.1515951,2026-08-19 00:00:00,19.06,19.4,91,clear sky,4.74,0.0,0.0
35,La Rochelle,46.159732,-1.1515951,2026-08-19 03:00:00,19.26,19.59,90,few clouds,4.99,0.0,0.0
35,La Rochelle,46.159732,-1.1515951,2026-08-19 06:00:00,19.59,19.9,88,few clouds,4.66,0.0,0.0
35,La Rochelle,46.159732,-1.1515951,2026-08-19 09:00:00,21.52,21.76,78,clear sky,3.67,0.0,0.0
35,La Rochelle,46.159732,-1.1515951,2026-08-19 12:00:00,22.22,22.53,78,clear sky,5.56,0.0,0.0
35,La Rochelle,46.159732,-1.1515951,2026-08-19 15:00:00,22.21,22.6,81,clear sky,6.25,0.0,0.0
35,La Rochelle,46.159732,-1.1515951,2026-08-19 18:00:00,20.49,20.68,80,few clouds,6.94,0.0,0.0
35,La Rochelle,46.159732,-1.1515951,2026-08-19 21:00:00,19.49,19.58,80,broken clouds,6.73,0.0,0.0
35,La Rochelle,46.159732,-1.1515951,2026-08-20 00:00:00,19.67,19.65,75,overcast clouds,6.98,0.0,0.0
35,La Rochelle,46.159732,-1.1515951,2026-08-20 03:00:00,16.81,16.58,78,scattered clouds,7.46,0.0,0.0
35,La Rochelle,46.159732,-1.1515951,2026-08-20 06:00:00,15.94,15.73,82,scattered clouds,3.89,0.0,0.0
35,La Rochelle,46.159732,-1.1515951,2026-08-20 09:00:00,18.65,18.4,70,overcast clouds,3.24,0.0,0.0
